experiment, date, instrument, operator, firmware, software, block_cycles, run_minutes, edit_delay, bg_median.x1-m1, bg_median.x2-m2, plateau_median.x1-m1, plateau_median.x2-m2, heat_rate, cool_rate, transition.95→60 °C, transition.60→95 °C, led_current, led_junction, zone_spread, cover_temp, heatsink_max, exposure.x5-m5, exposure.x3-m3, exposure.x2-m3, exposure.x3-m4, exposure.x4-m4, exposure.x2-m2, exposure.x1-m2, exposure.x1-m1, wheel_ms, wheel_slow.bad, wheel_slow.n, encoder.emission, encoder.excitation, cam_overhead.mean, cam_overhead.sd, cam_overhead.n, cover_down, cover_up, cmd_rt, tick_late, catch_up.count, catch_up.exposure, img_proc, runtime_err, log_errors.count, cycle_sd, handoff_min, saturation.bad, saturation.n, calib_background, calib_roi, calib_uniformity, ct_mismatch.bad, ct_mismatch.n, action_rate.bad, action_rate.n, late_rate.bad, late_rate.n, call_disagree.bad, call_disagree.n, low_conf.bad, low_conf.n, rep_sd, rowcol, rox_level, rox_cv, manual_rate.bad, manual_rate.n, copied.count, findings.count
DEMO_QSA_HIST_0001, 2024-03-08 10:30, QS · QS-DEMO-A, operator-96fc0cae, 7, QuantStudio 3 and 5 Software 1.6.1, 31567, 90.31650661303479, 3.183398069135256, 0.9938956903742681, 0.9942528479453926, 5.242095215463502, 2.3300782902177843, 2.8310681362209995, 2.8022278518999464, 11.837695894336477, 12.065289840377671, 0.5470250257469615, 75.4065601609183, 0.3600373320163111, 104.46377326261245, 40.96010492298806, 664.8069587226341, 300.26412841290016, 302.15682959797294, 398.81467503742454, 400.79060171042096, 303.1936646835752, 300.0171601241923, 449.64929728284557, 299.81987337786916, 2, 320, 0, 0, 470.12637947836026, 36.00734553505607, 636.1222746411979, 9.711149787551323, 5.160356632632477, 19.438078775505055, 34.30395336374098, 273.39768200964227, 0.5602668992671767, 7639.695064336495, 8.522424362065397, 0, 145.49839373071714, 9994.91176687564, 15, 7680, 2603.060827612511, 35.36383550288488, 1.1282745351539794, 0, 66, 0, 10, 0, 10, 0, 66, 0, 66, 0.10018038853362617, 0.10609691100396189, 173710.49697966705, 6.66776258377579, 0, 70, 0, 0
DEMO_QSA_HIST_0002, 2024-03-10 15:30, QS · QS-DEMO-A, operator-81023fd5, 7, QuantStudio 3 and 5 Software 1.6.1, 31618, 90.9111718560019, 3.5159430361983115, 1.0028247802717487, 1.0086942381269353, 5.470421956604224, 2.3785117327070364, 2.8453480949659666, 2.871277224134234, 12.125597146535588, 12.157273546659964, 0.5471862936173484, 76.43150962800075, 0.40834432589871394, 105.05815457519009, 41.251946926441654, 657.9373384914118, 300.3190786413105, 295.50463542677375, 406.6030235639038, 400.44231386148743, 300.6421613065285, 299.1150214785157, 447.43017483545293, 301.718868794262, 0, 320, 0, 0, 463.25139930320574, 37.71794128764482, 635.8964290500539, 9.637962427154491, 5.364444714079598, 21.98256870839797, 33.778563552306, 268.48201494007174, 0.5475987230115126, 7613.335368068594, 8.558885399806535, 0, 145.17714232750563, 9927.02828815586, 9, 7680, 2542.589748803043, 35.87194182949824, 1.1603010726864431, 0, 66, 0, 10, 0, 10, 0, 66, 0, 66, 0.10164183182003615, 0.11448068907151632, 176854.37166113764, 6.727205993685159, 0, 70, 0, 1
DEMO_QSA_HIST_0003, 2024-03-20 10:30, QS · QS-DEMO-A, operator-538c64e4, 7, QuantStudio 3 and 5 Software 1.6.1, 31846, 88.73208971654905, 3.598156623404857, 1.010904902069916, 0.9978528640208197, 5.384283203831596, 2.391800005436733, 2.799678038453829, 2.804533417611037, 12.162512565961269, 12.468222239558665, 0.5462494123272091, 75.95729459853675, 0.3834561118705432, 105.43412955334578, 41.8573157095631, 657.9230173195041, 299.5910983728143, 299.6936826080604, 404.3745279312184, 399.2723199093777, 294.4119503487705, 302.15037493265726, 446.09227631806317, 300.46147074499095, 2, 320, 0, 0, 465.92652640895034, 33.98444143717514, 642.9684241749806, 9.705014740205517, 5.2373632232819585, 21.25745502131348, 34.24649752136464, 271.9337216777387, 0.5496197764597867, 7691.971828669339, 8.653544543223385, 0, 146.4417113379643, 10304.280251529872, 19, 7680, 2601.4109310573576, 35.583855905676, 1.1348622858157038, 0, 66, 0, 10, 0, 10, 1, 66, 0, 66, 0.12226323782739851, 0.13680122309489284, 173313.3134963571, 6.806677694591949, 0, 70, 0, 0
DEMO_QSA_HIST_0004, 2024-03-24 14:30, QS · QS-DEMO-A, operator-538c64e4, 7, QuantStudio 3 and 5 Software 1.6.1, 31943, 90.49855069082527, 3.380761581486884, 1.0054170501762383, 1.0027148747142325, 5.29064116875562, 2.349259990090992, 2.7968134482379394, 2.849457307597996, 12.193936385942756, 12.291554956376697, 0.5415144723847656, 75.41078215974336, 0.41009001702929554, 106.09198141487185, 41.64322266890648, 658.2660230837301, 296.94858352263793, 300.66109055056165, 395.7917017685822, 404.2901013440202, 298.3912788429813, 301.1926614669201, 449.4277198502765, 301.0433050213562, 4, 320, 0, 0, 475.5952189188027, 36.683663895545806, 634.3719209152241, 9.645163597461101, 5.344125224173282, 20.596293769866506, 33.22419259875098, 270.1758676248495, 0.5496647501584395, 7845.838704252181, 8.543455052028591, 0, 147.2378449764733, 10066.391219682493, 14, 7680, 2614.77288732577, 35.772009980367145, 1.1432096224557682, 0, 66, 0, 10, 0, 10, 0, 66, 0, 66, 0.11713727627085824, 0.08014879834044925, 178281.5540585141, 6.741766555778352, 0, 70, 0, 2
DEMO_QSA_HIST_0005, 2024-04-08 12:30, QS · QS-DEMO-A, operator-81023fd5, 7, QuantStudio 3 and 5 Software 1.6.1, 32289, 91.12909737814425, 3.1848798182204683, 1.0162076083714893, 1.00699917472205, 5.312038557050444, 2.3643245877212147, 2.8103711316558067, 2.837498652440817, 12.206163515780826, 12.036160780988181, 0.5473576168169234, 76.55321050304548, 0.37887240594729904, 105.06027106095313, 41.570757197338516, 659.0493611984642, 295.2642972338212, 300.46512822882266, 394.99137230046466, 400.67950802929005, 301.48103903828184, 295.54391145783757, 446.790739265643, 302.80260196761304, 1, 320, 0, 0, 469.46430072279236, 36.25096973832027, 627.0112550006991, 9.63175670959212, 5.28832837118351, 21.424349878542667, 34.03209171710272, 273.92411741013007, 0.5486406183916522, 7518.654509321638, 8.437973786748083, 1, 145.70752489889531, 10060.095082534786, 18, 7680, 2604.403651709944, 35.136610253873485, 1.137968153697734, 0, 66, 0, 10, 0, 10, 0, 66, 0, 66, 0.09863551255105406, 0.10587486598336847, 175996.31019717065, 6.694602018758012, 0, 70, 0, 0
DEMO_QSA_HIST_0006, 2024-04-09 15:30, QS · QS-DEMO-A, operator-81023fd5, 7, QuantStudio 3 and 5 Software 1.6.1, 32316, 89.79368593436547, 3.481349679160736, 1.0181535214489874, 1.0056844878015305, 5.458510401167363, 2.395022880108596, 2.806621958901103, 2.8547676432861624, 12.101176562030117, 12.32888409543735, 0.5481636294546613, 76.41515886259916, 0.3653149366496131, 103.29660867931095, 41.8086720645431, 664.1272452227249, 301.9058554023898, 298.6971244038534, 401.3003049930153, 397.0585156208431, 296.8910434884456, 299.91180005812873, 450.6999918599955, 297.1496472626605, 3, 320, 0, 0, 462.9841920678583, 37.68701302005152, 642.3551543375783, 9.61466674870214, 5.304441771217055, 21.11552275336775, 33.801602949114745, 271.4220952030727, 0.549484679525081, 7652.435677744505, 8.529291968563733, 1, 147.88405640202663, 10065.753976051376, 15, 7680, 2634.8590733783913, 35.464914363100704, 1.1342914687904424, 0, 66, 0, 10, 0, 10, 1, 66, 0, 66, 0.09984036279169049, 0.11666400167630396, 172043.25843291738, 6.7407433740025935, 0, 70, 1, 3
DEMO_QSA_HIST_0007, 2024-05-13 13:30, QS · QS-DEMO-A, operator-96fc0cae, 7, QuantStudio 3 and 5 Software 1.6.1, 33105, 91.10267845520056, 3.474688685585711, 1.008822816903979, 0.9824167484119477, 5.31946442303444, 2.403084273307051, 2.878275598165587, 2.8249254853158265, 11.883444079567612, 12.381545590318526, 0.551579538716678, 77.08374100856246, 0.38648334528679884, 104.97602002848755, 42.30326231092066, 658.5725010062216, 299.92026069105884, 293.18122178188815, 397.922023829305, 395.17720365300295, 298.036893728834, 296.0573897947583, 446.7650278923127, 302.7359264291038, 1, 320, 0, 0, 472.9862330099368, 36.77330146462926, 645.253014815721, 9.635377962284357, 5.347408855270147, 20.508560676423365, 34.004043359238295, 274.16682506282996, 0.5513926902289541, 7720.20932547266, 8.622347397798572, 0, 146.9030760926123, 10027.635063543803, 16, 7680, 2591.5343061837434, 35.10968248320998, 1.1669683420112713, 1, 66, 0, 10, 0, 10, 0, 66, 0, 66, 0.1379954250018211, 0.0773582864661855, 176980.8442536515, 6.785219671875778, 0, 70, 0, 1
DEMO_QSA_HIST_0008, 2024-05-16 14:30, QS · QS-DEMO-A, operator-96fc0cae, 7, QuantStudio 3 and 5 Software 1.6.1, 33176, 92.79794878298247, 2.9396954488301277, 0.9967661149085408, 0.9888694062420262, 5.321719883495303, 2.3610346924294805, 2.8052289156048107, 2.8388514217708223, 11.91529348596727, 12.140077997923255, 0.5520423926089336, 77.31899707340322, 0.3714003036961817, 104.40635783679954, 42.509213571726974, 660.631762087081, 300.0587596605487, 299.9303024689427, 400.48748440922895, 401.4775759825205, 296.5145733389384, 299.3377147196083, 450.43695217181164, 296.3644505909894, 0, 320, 0, 0, 466.2111420791567, 35.66052203449124, 650.166876655212, 9.705811801747199, 5.414148889012598, 17.998977844887058, 33.434380703279565, 267.51175146424464, 0.552092807478013, 7499.668142653395, 8.524019362095737, 0, 146.40710790684912, 9971.446484965742, 17, 7680, 2571.6391347924387, 36.166292296578874, 1.1618889927841345, 0, 66, 0, 10, 0, 10, 0, 66, 0, 66, 0.13031659491092307, 0.08512902294993153, 174408.78007686458, 6.810359878951559, 0, 70, 1, 1
DEMO_QSA_HIST_0009, 2024-05-22 11:30, QS · QS-DEMO-A, operator-81023fd5, 7, QuantStudio 3 and 5 Software 1.6.1, 33312, 89.01791759079786, 2.662338095116544, 1.0153151413181396, 0.9923356915470726, 5.373361786704954, 2.4169652919937272, 2.838204662267182, 2.879547992411032, 12.003562457692219, 12.10450483375173, 0.5517784645557553, 77.08985008391073, 0.4153703469715435, 105.32185589837458, 40.72633442842106, 657.6042552402737, 302.0787786446799, 297.6727261319233, 403.73277301188983, 400.07255612432135, 300.38896331658754, 297.0239153505897, 454.7301205753747, 299.29472285873885, 4, 320, 0, 0, 468.407341786579, 35.795221464573984, 647.2219161913738, 9.69337839177803, 5.186630838855959, 19.973207887477542, 34.29135382159614, 272.5720012831913, 0.5490103877817109, 7583.817401717343, 8.511024855155021, 0, 147.35220555774362, 10019.288407287435, 11, 7680, 2593.411619049836, 35.86799970282579, 1.1385238877505224, 1, 66, 0, 10, 0, 10, 0, 66, 0, 66, 0.08827420306622025, 0.1061555105069043, 178073.79630585702, 6.779462996651061, 0, 70, 1, 0
DEMO_QSA_HIST_0010, 2024-06-17 16:30, QS · QS-DEMO-A, operator-96fc0cae, 7, QuantStudio 3 and 5 Software 1.6.1, 33922, 90.59768546768089, 3.545919135749117, 0.9966896031934518, 1.0086957942760988, 5.231535016210829, 2.400794197721406, 2.7892309139633524, 2.8792567371180646, 12.128152346810513, 12.090467065847703, 0.5527951615068666, 78.24487137544396, 0.36898911787051547, 105.09718133064194, 41.803940823383854, 650.5891967889111, 297.04081152801996, 302.0261707985585, 397.48455146867684, 398.94668895330085, 298.85298576192554, 298.49507958874625, 453.2451525231109, 297.95415904802167, 0, 320, 0, 0, 465.18491144876623, 35.98448757607171, 646.622423178452, 9.78046913534718, 5.317430414394438, 18.01816476019077, 34.142662142215094, 271.8390995972662, 0.5571381155849428, 7435.020573539303, 8.398090601702926, 0, 147.1747293922514, 9933.231436273703, 16, 7680, 2613.218457988052, 35.65560503701929, 1.1237320790198009, 0, 66, 0, 10, 0, 10, 0, 66, 0, 66, 0.12193551772602523, 0.09925917613386265, 176481.82966941193, 6.764101809141488, 0, 70, 1, 0
DEMO_QSA_HIST_0011, 2024-06-28 12:30, QS · QS-DEMO-A, operator-81023fd5, 7, QuantStudio 3 and 5 Software 1.6.1, 34174, 89.77123075368736, 3.4154732795376304, 1.0133044796398083, 1.0151655713460113, 5.490838371891391, 2.4042785116155394, 2.8377012381505082, 2.8333298890095744, 12.268526354229087, 12.3145521612891, 0.5507478104692591, 76.9481379143008, 0.39949947851930034, 105.6077901789374, 42.12075281624099, 661.7758855455648, 299.3054373486751, 301.1733328508655, 395.6063811039102, 400.2270756000063, 301.08296850003745, 304.19367651519013, 440.63181021351676, 300.97946049480186, 0, 320, 0, 0, 470.6517150465837, 37.63520787089789, 644.3836758102264, 9.729082243391627, 5.3071560758528555, 19.212748582909285, 34.16212653401636, 269.2921391836897, 0.5574371241826124, 7653.846488885972, 8.479750739236703, 0, 145.30645703087157, 10070.696651601294, 17, 7680, 2612.148387227493, 35.745187149138445, 1.1584097856252589, 0, 66, 0, 10, 0, 10, 0, 66, 0, 66, 0.10091333340448749, 0.1147454343646234, 177454.241929833, 6.837580866401081, 1, 70, 0, 1
DEMO_QSA_HIST_0012, 2024-07-01 14:30, QS · QS-DEMO-A, operator-96fc0cae, 7, QuantStudio 3 and 5 Software 1.6.1, 34246, 90.5496878041555, 2.6474729153621155, 0.9925549095484641, 0.9875495165618182, 5.157190985738343, 2.36621604028383, 2.8248243182241217, 2.898856137371642, 12.176978541565935, 12.1545147741003, 0.5537273036086524, 78.79515394412414, 0.3841970159040459, 103.26563302302559, 41.09653475747924, 662.5782924578258, 301.4263789023731, 296.2616218862449, 397.52810470081437, 399.34859357420254, 293.64071966342186, 303.4892005774365, 459.35022782602846, 299.93786230419033, 0, 320, 0, 0, 471.45123088398776, 35.71095782584538, 641.5813221490921, 9.641087748192515, 5.2066315734827, 18.09944535779819, 33.8213710042115, 266.55654303019105, 0.5503671848648052, 7538.435058748569, 8.49127514702632, 1, 145.50877429314048, 10053.46863291162, 14, 7680, 2567.7272826660273, 35.60256398645139, 1.1516191354429244, 0, 66, 0, 10, 0, 10, 0, 66, 0, 66, 0.08828013051721427, 0.10825362129195039, 174050.31111424346, 6.867169986634822, 0, 70, 0, 1
DEMO_QSA_HIST_0013, 2024-07-15 13:30, QS · QS-DEMO-A, operator-96fc0cae, 7, QuantStudio 3 and 5 Software 1.6.1, 34571, 89.54885305217087, 3.052740856067412, 0.9857086991834138, 0.9910925283768315, 5.31060191033054, 2.429545497884024, 2.79972135543845, 2.837494548335495, 12.101153144367467, 12.269851104297489, 0.5559127398749628, 76.9743732250024, 0.3846005972175236, 105.59948847925136, 41.96217882017869, 663.6235635926836, 299.94398368215, 301.46738731647133, 396.02516187026, 399.54319724266105, 295.12504829880083, 301.9771620644316, 452.4543649936519, 297.0685401079414, 2, 320, 0, 0, 470.14471091931756, 37.169445010678174, 643.5406531578772, 9.693408774081202, 5.251682704593536, 18.98205846803419, 34.0080591270143, 273.93825063554414, 0.5472640679540627, 7631.193365635616, 8.582170034744593, 6, 148.52574525389662, 9997.199479436997, 17, 7680, 2586.3720414910067, 36.03057961208769, 1.1431316219549692, 0, 66, 0, 10, 0, 10, 0, 66, 0, 66, 0.12758728661141394, 0.0807776138498726, 171958.77275167633, 6.840145512017091, 0, 70, 1, 1
DEMO_QSA_HIST_0014, 2024-07-16 14:30, QS · QS-DEMO-A, operator-96fc0cae, 7, QuantStudio 3 and 5 Software 1.6.1, 34595, 90.25750814017218, 3.4674186262352045, 1.0157790209774002, 0.9902538138682636, 5.32311002234933, 2.459150201998197, 2.8528479319641793, 2.8330658485925313, 12.188372039682166, 12.1562699753515, 0.5601076468867328, 77.9084111597355, 0.38635792751402837, 103.51397118328829, 41.42847436157059, 652.9953615511091, 303.4728036195276, 297.9264869888777, 394.08259087215913, 398.0701255061472, 298.89633446213713, 305.17424098995264, 449.29402937291104, 299.0942388695121, 1, 320, 0, 0, 468.48044873354445, 36.458123455533496, 634.3139786500544, 9.80367022500716, 5.288787661069093, 19.381734666066624, 34.51597101789498, 269.8314499007751, 0.5639198935225596, 7654.2618983977345, 8.530872411174203, 0, 147.15131243142875, 10125.931098243193, 18, 7680, 2491.4724919672235, 35.58430040959315, 1.1474965625375686, 0, 66, 0, 10, 0, 10, 0, 66, 0, 66, 0.14047786667240048, 0.07706330170424709, 178226.9891137847, 6.818425133073682, 1, 70, 1, 1
DEMO_QSA_HIST_0015, 2024-07-30 11:30, QS · QS-DEMO-A, operator-538c64e4, 7, QuantStudio 3 and 5 Software 1.6.1, 34918, 89.49380752577326, 2.6242618200906844, 0.995920956737354, 0.9997162863731844, 5.272188838183096, 2.335405699924462, 2.8597977202891944, 2.8799025187131413, 12.122059809277888, 12.47018277217318, 0.5572983183663544, 77.19431845937065, 0.3877176489371661, 103.72276601922553, 41.48559670318603, 657.0188704217499, 302.6130272457791, 304.93382163532226, 406.7078464413424, 410.3276309115057, 301.02915515424166, 302.6073571209027, 446.3019288577014, 300.43056345107817, 1, 320, 0, 0, 464.0368602787001, 36.166745171927, 629.2531379926343, 9.66900671630494, 5.085300904181852, 23.353171530351073, 33.94970010029675, 269.0586456002715, 0.5531236746596804, 7461.681472893215, 8.469448412011179, 0, 146.17859982135604, 10025.541433406608, 16, 7680, 2610.075805893427, 35.330615854016514, 1.1407228028735814, 0, 66, 0, 10, 0, 10, 0, 66, 0, 66, 0.08987174788534494, 0.10650997103576856, 176235.00620193707, 6.7294624382568555, 0, 70, 0, 2
DEMO_QSA_HIST_0016, 2024-08-01 13:30, QS · QS-DEMO-A, operator-81023fd5, 7, QuantStudio 3 and 5 Software 1.6.1, 34967, 89.51958918280674, 3.146344753887106, 1.0036114054360277, 1.0051765421815275, 5.260569056472379, 2.3356749623081092, 2.7997933203016463, 2.8993842242490895, 12.045389466637214, 12.276310998485835, 0.5553523480899287, 77.41528648209822, 0.4017527332067648, 104.99084141396995, 41.72279995295386, 655.5986318898739, 302.608811583477, 300.1206226201254, 402.7920876942278, 399.94103607420186, 299.24624924427474, 297.4475342149412, 449.12359641145304, 295.9725509493083, 1, 320, 0, 0, 459.32690341080803, 35.958334404383656, 633.4432768928136, 9.729233817212119, 5.234721121880439, 21.405705054014636, 33.91332546866958, 269.69071566315887, 0.5568821031980823, 7603.559939950067, 8.494290914415554, 0, 147.3091661139914, 10112.30293959788, 12, 7680, 2588.473036128548, 35.80209369636904, 1.1462436329172627, 0, 66, 0, 10, 0, 10, 0, 66, 1, 66, 0.09745272903658789, 0.10545757691014641, 174167.3302931346, 6.704731092395315, 2, 70, 0, 0
DEMO_QSA_HIST_0017, 2024-08-03 16:30, QS · QS-DEMO-A, operator-538c64e4, 7, QuantStudio 3 and 5 Software 1.6.1, 35016, 88.4716494404671, 3.5058534621094775, 0.9882634066370469, 1.0108498893661935, 5.3240860776282535, 2.3590660854615217, 2.815282875421421, 2.85406800877793, 11.983720109538377, 12.206493899783954, 0.5557692910196316, 78.00768970580334, 0.3694618328851205, 105.4975554422386, 42.53752553893108, 671.4447085071447, 301.250500257964, 300.21327555741124, 404.06372052589165, 400.8531230433806, 302.8066336065821, 299.69015643171286, 446.1277179487016, 305.26471229795527, 2, 320, 0, 0, 470.51902079191916, 38.04093029243634, 638.3863855371038, 9.74364731389907, 5.356481623101072, 19.067890093446543, 34.425400582469756, 273.7708510919368, 0.5460497395438146, 7578.464758900863, 8.541310965469464, 1, 147.39069432812502, 10161.832544640232, 10, 7680, 2602.4679615713867, 35.87423143977487, 1.1541326622390191, 1, 66, 0, 10, 0, 10, 0, 66, 0, 66, 0.0992522746378378, 0.11560890040905997, 175112.52656220362, 6.72904088203771, 1, 70, 0, 2
DEMO_QSA_HIST_0018, 2024-08-04 14:30, QS · QS-DEMO-A, operator-81023fd5, 7, QuantStudio 3 and 5 Software 1.6.1, 35037, 90.60814511492309, 2.623519773160151, 1.0096142949827158, 1.0071134380166762, 5.277126848856849, 2.4206677224421673, 2.8253775820741094, 2.826016271380081, 12.160735031335394, 12.222273222144416, 0.5535636215030313, 77.81863752226018, 0.4032853725347102, 104.95492590052957, 41.96730086924278, 663.7447317828479, 297.66091631144286, 296.878635400304, 400.93844136853124, 399.8824433737964, 297.8482758302794, 305.5272138478928, 458.73757127801935, 299.50205781712606, 0, 320, 0, 0, 475.11685248265735, 36.187090045799025, 634.116631395491, 9.715267941214087, 5.255179447731933, 20.266789811263706, 33.57153365424671, 269.03708828917576, 0.5555401080263278, 7597.0505055835365, 8.619348984888623, 0, 146.57902722825872, 10098.080117941476, 21, 7680, 2598.2501313880894, 35.4528858717175, 1.1362373047804575, 0, 66, 0, 10, 0, 10, 1, 66, 0, 66, 0.08766755515509861, 0.104208526765292, 177451.29064150204, 6.823166495869422, 0, 70, 0, 0
DEMO_QSA_HIST_0019, 2024-08-08 16:30, QS · QS-DEMO-A, operator-81023fd5, 7, QuantStudio 3 and 5 Software 1.6.1, 35132, 90.84062592362845, 3.3613968598980617, 0.9965999146522639, 1.0108508758663743, 5.415737326421462, 2.3503839384416163, 2.823805104623139, 2.824764794430221, 12.204747571272742, 12.2856939594667, 0.5565893395313407, 77.64885895512057, 0.37784093619747533, 106.20066532177194, 41.49794338352093, 665.050148834511, 300.67831726696164, 298.31484657382407, 399.4977591770094, 395.66396248348696, 299.91482789043687, 306.0732440073128, 446.7886003493745, 302.22084537517947, 1, 320, 0, 0, 461.24334596547357, 33.105756137997936, 635.0720268628457, 9.73933964228899, 5.3582003187194145, 19.97236390277102, 34.097734789889806, 273.6678340250223, 0.5538400731165941, 7675.297675197757, 8.582081505028489, 1, 147.83778747428403, 9959.334593362371, 14, 7680, 2594.1930483432, 36.241734709733194, 1.1401043453834192, 0, 66, 0, 10, 0, 10, 0, 66, 0, 66, 0.10147542163699308, 0.09306515757622705, 174796.14047906408, 6.809161376933203, 0, 70, 0, 3
DEMO_QSA_HIST_0020, 2024-08-16 11:30, QS · QS-DEMO-A, operator-96fc0cae, 7, QuantStudio 3 and 5 Software 1.6.1, 35314, 89.8632397353057, 3.3568896389851397, 0.9731386076051616, 1.0276549535430488, 5.36397787347044, 2.3939977938269426, 2.801294546939016, 2.86213740366656, 11.972308898970642, 12.112640614272618, 0.5603232800139659, 77.43700322715706, 0.3700293654706848, 104.91351382260501, 41.96725912990872, 670.482188331096, 301.7369086683818, 307.61733143837057, 392.8276491993757, 398.71582915263184, 300.83613351577196, 299.5054525881549, 448.9339456068607, 296.50317621955674, 0, 320, 0, 0, 470.76362653199067, 36.456892275891896, 631.2782226196971, 9.730757655309457, 5.312396882723692, 21.107958172604707, 33.71906068271332, 265.93511277557064, 0.5424370319551557, 7653.834570747618, 8.51716885606651, 0, 148.4517915884373, 10073.918426051232, 19, 7680, 2631.1932003720563, 34.992586138901885, 1.15351845200278, 0, 66, 0, 10, 0, 10, 1, 66, 0, 66, 0.11669332644611863, 0.07925463413839662, 174502.4129320259, 6.742327140778784, 0, 70, 0, 2
DEMO_QSA_HIST_0021, 2024-08-19 15:30, QS · QS-DEMO-A, operator-81023fd5, 7, QuantStudio 3 and 5 Software 1.6.1, 35387, 88.69517042190762, 3.546590438162307, 0.9977269865731042, 1.0212313508700839, 5.3745251606818485, 2.376491806846462, 2.8157712532673775, 2.8753687713964506, 12.065206419638164, 12.153044339394846, 0.5568216514518862, 77.90170997436007, 0.447877260019417, 104.48067278144875, 42.915244255839866, 662.258352958792, 292.6119744105475, 299.8895579346385, 399.49272322701745, 403.03648010377486, 300.5791620843733, 298.74116592326516, 448.2141266077371, 299.30162360855, 3, 320, 0, 0, 459.92343530280823, 35.47657550984323, 646.1173560735443, 9.685022963437977, 5.391683356179534, 20.438941267031016, 34.2603479501499, 275.13674486473707, 0.550325240491822, 7591.092172297857, 8.60175277091578, 0, 143.57001329312206, 9928.08195441994, 16, 7680, 2566.8282410195043, 35.68403439737522, 1.1464546559008508, 0, 66, 0, 10, 0, 10, 1, 66, 0, 66, 0.12208055563949087, 0.10131466567426611, 173229.259765739, 6.784097078838028, 0, 70, 0, 2
DEMO_QSA_HIST_0022, 2024-08-25 12:30, QS · QS-DEMO-A, operator-538c64e4, 7, QuantStudio 3 and 5 Software 1.6.1, 35524, 88.52858361953287, 3.505499013711604, 1.0055129576843702, 0.9987882484683298, 5.26340907510578, 2.3920740655089974, 2.771016170936904, 2.836329660664164, 12.031023453800707, 12.10242052956902, 0.5581759573783904, 78.00687318124787, 0.3765354270118738, 104.46961051390373, 42.296056229980714, 662.3385870932466, 296.813188393881, 301.521411412094, 401.95133453920863, 391.2550242340242, 291.77667139583525, 296.02316076339565, 447.8087171576085, 301.30962534658977, 0, 320, 0, 0, 467.5418562087968, 35.54704031251945, 630.8167421387053, 9.762985087196373, 5.332089946899166, 20.595361671186655, 33.49497261314639, 272.72829342988695, 0.5644774712477711, 7414.550242642571, 8.400370852252276, 0, 147.77939663455385, 9942.230039709599, 20, 7680, 2561.19451863831, 34.7441742957637, 1.1636969875092524, 0, 66, 0, 10, 0, 10, 1, 66, 0, 66, 0.12068698479887947, 0.09766887376187998, 176124.26837330213, 6.766683736553794, 0, 70, 1, 1
DEMO_QSA_HIST_0023, 2024-08-31 17:30, QS · QS-DEMO-A, operator-538c64e4, 7, QuantStudio 3 and 5 Software 1.6.1, 35669, 90.23777363348997, 3.6477588534101213, 0.9932105792232949, 0.9966010675039074, 5.438557611316178, 2.3860294165640785, 2.8113864089358818, 2.861395928944456, 12.100989008719493, 12.260058391569316, 0.5576215851978904, 77.64002533929315, 0.3910114033250609, 106.08550474754013, 41.64747882827775, 656.8528561843699, 297.31822030869785, 299.881772072851, 399.2267304452, 406.02537990494716, 297.7982623918602, 303.9543828062074, 451.49385288308656, 299.4711523660686, 2, 320, 0, 0, 471.69545572147706, 34.219952610058236, 628.2057781461133, 9.794979696084425, 5.167457026866362, 22.07794893839374, 33.763339235534886, 269.3228663301529, 0.5515661407878356, 7836.501164903395, 8.513648596449684, 0, 145.09699001519883, 10092.168145470632, 17, 7680, 2558.3462177243905, 35.59419658427747, 1.156395277905293, 0, 66, 0, 10, 0, 10, 0, 66, 0, 66, 0.12469960810635827, 0.13767813635761691, 174207.86873630687, 6.884405701897855, 1, 70, 0, 2
DEMO_QSA_HIST_0024, 2024-09-10 14:30, QS · QS-DEMO-A, operator-81023fd5, 7, QuantStudio 3 and 5 Software 1.6.1, 35898, 90.53512600829237, 2.933630869225342, 1.005832932758206, 1.0111561743011062, 5.3265579767828255, 2.3776890552033056, 2.834897171403179, 2.824599663125362, 11.996521472102089, 12.243933664548344, 0.558491493961945, 78.19429464460289, 0.3934057901230598, 104.85152915177127, 41.69239863759813, 665.3247432753651, 300.08287196016096, 299.6246275418786, 400.0836280277972, 408.77556706234566, 304.05155714050704, 301.10068678278026, 448.34288648461535, 301.0705874842814, 1, 320, 0, 0, 459.88163132492264, 35.64153749650251, 640.9869858358361, 9.695008880586029, 5.349077781216234, 18.768782700502637, 34.174008193970835, 268.84518367996094, 0.5555977229431918, 7465.725988990697, 8.547559165077116, 0, 147.8393185459298, 9998.096378974153, 10, 7680, 2581.066143826826, 34.771055408780995, 1.142725266284692, 0, 66, 0, 10, 0, 10, 0, 66, 0, 66, 0.12831279028286932, 0.08427700537286142, 173493.56205964563, 6.876980023886406, 1, 70, 1, 1
DEMO_QSA_HIST_0025, 2024-09-20 16:30, QS · QS-DEMO-A, operator-538c64e4, 7, QuantStudio 3 and 5 Software 1.6.1, 36133, 89.09054060399505, 3.3403144232796027, 0.9941435259088184, 1.0074491159765133, 5.271609688291408, 2.3140960794786505, 2.8734199921783214, 2.814758079040563, 11.891050122405499, 12.251425930830372, 0.5607193169864966, 78.33822508996637, 0.38626908227681744, 103.72149486646425, 42.22152825171772, 664.9105233755948, 305.7017665937734, 297.82440537080464, 405.43657621226134, 401.2370480229036, 298.83506822862756, 299.69597814744293, 452.89654767025183, 298.5397298476312, 0, 320, 0, 0, 464.52555951402667, 33.17318290122172, 653.6052189287658, 9.75441631955427, 5.284683276329449, 21.08937749163792, 33.139415183703406, 268.14846525526013, 0.5494540008432266, 7682.527896851504, 8.60204871416766, 0, 144.10849066336232, 10100.682825483103, 9, 7680, 2562.404949484295, 36.14693173184635, 1.149339874059422, 1, 66, 0, 10, 0, 10, 0, 66, 0, 66, 0.10306395768329481, 0.09272773167923568, 176440.56866833952, 6.687553536860482, 0, 70, 0, 1
DEMO_QSA_HIST_0026, 2024-10-08 13:30, QS · QS-DEMO-A, operator-81023fd5, 7, QuantStudio 3 and 5 Software 1.6.1, 36549, 91.701984326493, 3.076679507448668, 0.9834585610587069, 1.0191994125201929, 5.2495216013463715, 2.4165095948984314, 2.8220733485933107, 2.8170315081690958, 12.188661987535559, 12.167451108057083, 0.561343288187809, 77.55501990439951, 0.3861687570337525, 105.06496655381231, 41.961446038288926, 660.2481912747818, 302.61202580279587, 296.7770106454374, 394.28387997740316, 396.8143289625458, 299.6117527538256, 298.6620796965484, 444.46136384056126, 298.39308722546104, 0, 320, 0, 0, 475.5072468926509, 36.7756719598952, 647.4710052320997, 9.766063066384097, 5.357021937608379, 16.817988121648376, 34.13127879147052, 278.8654670912683, 0.5527087074393081, 7776.260986370217, 8.59936277388695, 2, 145.16311594636625, 9957.806688895533, 12, 7680, 2601.977693093174, 36.084166816569336, 1.1594426193751763, 1, 66, 0, 10, 0, 10, 0, 66, 1, 66, 0.1256710001468704, 0.08043836777167146, 177559.36121205564, 6.885617608253857, 0, 70, 0, 1
DEMO_QSA_HIST_0027, 2024-10-17 11:30, QS · QS-DEMO-A, operator-538c64e4, 7, QuantStudio 3 and 5 Software 1.6.1, 36757, 90.44215604467982, 3.154316923416435, 1.0201689162333099, 1.0116500446269594, 5.218376966445268, 2.344006830060784, 2.81365275719999, 2.8684821295926315, 12.217237555830387, 12.243233271484817, 0.5599267209111854, 78.25393822285213, 0.3962761350985202, 105.77415181942204, 42.33579833934113, 659.1135714498728, 308.033675151692, 293.5174867490311, 404.5415621362376, 399.4513700471648, 300.53568372872417, 301.8363736262179, 447.4159410451118, 299.5624723867932, 1, 320, 0, 0, 466.64086680159335, 36.05491217380504, 641.9919455306419, 9.649165095284824, 5.2230281223280395, 20.505269547954843, 34.4484786983515, 271.20122271955137, 0.5525997973407883, 7721.603995709459, 8.428524235559351, 0, 146.29745058108702, 9927.742510407328, 11, 7680, 2569.6594846645035, 35.572499488520165, 1.155274516512332, 0, 66, 0, 10, 1, 10, 0, 66, 0, 66, 0.0992044167295042, 0.1065590630237652, 176423.68127677488, 6.830647156383014, 0, 70, 0, 2
DEMO_QSA_HIST_0028, 2024-10-27 10:30, QS · QS-DEMO-A, operator-96fc0cae, 7, QuantStudio 3 and 5 Software 1.6.1, 36989, 90.27212729138378, 2.922885107458077, 0.9985170025662671, 0.9865678944064222, 5.279502839356377, 2.3928936333515534, 2.836463816829331, 2.846083616032648, 12.050334066210903, 11.979428229802897, 0.5649949604898648, 77.98094104105884, 0.3770573114092347, 103.5634088768177, 42.152933150784754, 649.9478094325443, 304.51720529782045, 297.6731347185825, 397.08755944098664, 406.1787485858555, 296.9345228160662, 294.23264653192376, 449.51750001759603, 296.4974961874509, 0, 320, 0, 0, 466.4639469730809, 35.53608610252323, 635.2086227140439, 9.727712183568949, 5.252828259167714, 18.732181426616652, 33.38832470422122, 273.13614109391415, 0.5450888972560713, 7431.3975420479655, 8.638141626048967, 0, 149.15021852158262, 10020.640753665039, 16, 7680, 2650.0112963025235, 35.468850664404975, 1.140818163016927, 0, 66, 0, 10, 0, 10, 0, 66, 0, 66, 0.12654972145644502, 0.08585160550179105, 176506.0368826477, 6.918106061754793, 0, 70, 0, 0
DEMO_QSA_HIST_0029, 2024-10-30 13:30, QS · QS-DEMO-A, operator-96fc0cae, 7, QuantStudio 3 and 5 Software 1.6.1, 37062, 89.96614220806008, 3.1010834766335784, 0.9980200834963678, 1.0047687322322192, 5.178865319327598, 2.405983932870885, 2.84386726482897, 2.828795136015918, 12.009612169542468, 12.226328605161383, 0.5614609573312493, 77.92337818460837, 0.3802666355231665, 106.51337110934914, 42.87255432001704, 651.8225894229772, 302.03844919074953, 296.5736942017176, 398.1146224839806, 401.8132025144464, 301.4952975083235, 303.1285678097403, 447.30911598937934, 301.3373575666038, 0, 320, 0, 0, 469.4850991468415, 36.68027462641358, 638.9609163915122, 9.811680979224679, 5.285415584572631, 18.368971563856846, 33.517382657171986, 268.0311297656645, 0.5615411117546781, 7527.315418729587, 8.562702340735118, 5, 145.67025882188997, 10109.599303213074, 12, 7680, 2556.3502300181713, 35.42887578173498, 1.149914994538982, 1, 66, 0, 10, 0, 10, 0, 66, 0, 66, 0.12507796001283572, 0.08199694651602553, 176799.0195482554, 6.8626445309896775, 0, 70, 0, 1
DEMO_QSA_HIST_0030, 2024-11-20 14:30, QS · QS-DEMO-A, operator-81023fd5, 7, QuantStudio 3 and 5 Software 1.6.1, 37552, 92.32932156366253, 2.9535738669305704, 1.0043090225641689, 0.9999286703712176, 5.353470071718598, 2.3844088883658747, 2.7765811857458162, 2.8430540492344996, 11.921567284673955, 12.047950665919569, 0.5631062587024457, 77.96617452424658, 0.388740798897775, 103.84309362013997, 41.56429951555359, 666.0516913589607, 301.40622075931316, 301.2674550201626, 403.2441888245729, 395.29043972084764, 299.8121932868405, 296.5248071336009, 450.0165167531535, 298.8970843188983, 1, 320, 0, 0, 465.2251257078737, 35.69204718850667, 644.8265219731518, 9.780056938120437, 5.327656246991511, 19.436704971132755, 34.56351883560016, 272.53175618478826, 0.555253760854249, 7483.408982831254, 8.555450207712546, 1, 148.65231455969587, 9921.635606362122, 15, 7680, 2539.782916972977, 35.762278728540366, 1.1305302423543804, 0, 66, 0, 10, 0, 10, 1, 66, 0, 66, 0.12553303346607234, 0.08649443645282413, 175824.06053771416, 6.701169373411125, 0, 70, 1, 2
DEMO_QSA_HIST_0031, 2024-11-27 12:30, QS · QS-DEMO-A, operator-538c64e4, 7, QuantStudio 3 and 5 Software 1.6.1, 37713, 92.48658385750362, 3.548530966923984, 1.009130644488975, 0.996305553391113, 5.224324102107692, 2.3852952898551414, 2.804435512931558, 2.845557779791309, 12.107255096346961, 12.362835771343121, 0.5687323393342445, 78.1280113536037, 0.38492126343855526, 104.2540296099056, 42.38745589485915, 653.3946055469429, 302.5423123815522, 297.7788100589991, 400.97314936353223, 403.6942410444679, 306.61812664204706, 294.9716972204353, 459.6226536856278, 302.7563594735523, 0, 320, 0, 0, 459.9134963947004, 35.707263883498435, 642.2225193623649, 9.833262755954435, 5.3140297959054275, 19.061084225592072, 34.45112123158994, 269.56422206931404, 0.5502782319890901, 7555.400939980161, 8.657479216974354, 0, 146.52947202246455, 9854.928980236757, 14, 7680, 2574.788312629491, 35.01205523363625, 1.133982001703926, 0, 66, 0, 10, 0, 10, 0, 66, 0, 66, 0.12123742368783055, 0.10061002875278786, 174019.55566937878, 6.786641562178305, 1, 70, 0, 0
DEMO_QSA_HIST_0032, 2024-11-30 13:30, QS · QS-DEMO-A, operator-538c64e4, 7, QuantStudio 3 and 5 Software 1.6.1, 37783, 89.97088807473885, 3.217877187007783, 1.0124707475767472, 1.0027720885709794, 5.320404109169674, 2.3463866290248636, 2.833918637674505, 2.843661891886002, 12.254570142460071, 11.949168809651006, 0.5673810124952106, 78.36008691265224, 0.4055200677105547, 105.52744685121269, 42.12768356315652, 659.5718153685427, 299.2290772891679, 303.28695240921604, 396.00133412263807, 403.42795839525064, 298.9694876955844, 298.22268117328053, 451.3816368125868, 297.34210004699975, 1, 320, 0, 0, 462.0049861811032, 36.366388873915454, 628.4167678078795, 9.820589906278373, 5.2897459693867255, 20.17437464862616, 33.87102079303432, 269.10881408305744, 0.5566672251531631, 7702.816566625823, 8.6086219390113, 1, 143.88610423199154, 9903.994531877872, 10, 7680, 2556.4564787548447, 35.62887722671138, 1.1440461501220156, 0, 66, 1, 10, 0, 10, 0, 66, 0, 66, 0.09872128444335457, 0.10587550229783048, 177388.2291183467, 6.932499964156109, 0, 70, 0, 0
DEMO_QSA_HIST_0033, 2024-12-01 14:30, QS · QS-DEMO-A, operator-96fc0cae, 7, QuantStudio 3 and 5 Software 1.6.1, 37808, 90.59155073549408, 3.440048949765198, 1.0059474207912364, 0.9852758534787319, 5.424328682607165, 2.4082496556781026, 2.806455021220865, 2.863711799509884, 12.1463284826847, 12.259788497143427, 0.5653689958540892, 78.05820771288504, 0.40665436061094873, 104.84792699230287, 42.35252460401963, 664.7568849506033, 299.81803880395796, 300.0321126118918, 409.33016129581034, 395.1433101253328, 300.0594448757307, 300.0917543495928, 458.60211569953, 301.8309906142656, 1, 320, 0, 0, 474.0523754896621, 36.65841181930699, 644.45618793356, 9.805842362340497, 5.359193627367378, 20.925302028016574, 33.87086015626046, 274.2619542726978, 0.5447675343865053, 7593.728398019922, 8.486344128122646, 0, 145.758372815654, 9963.644097716191, 19, 7680, 2581.307107318798, 36.14908152961455, 1.1365161118152431, 0, 66, 0, 10, 0, 10, 1, 66, 0, 66, 0.13957387200363822, 0.07988838765493224, 178650.1055678116, 6.891309568808276, 1, 70, 0, 1
DEMO_QSA_HIST_0034, 2024-12-08 12:30, QS · QS-DEMO-A, operator-81023fd5, 7, QuantStudio 3 and 5 Software 1.6.1, 37969, 91.6582308102654, 3.0995215645913765, 0.9835291887870848, 0.9946662323757741, 5.136004146815898, 2.415924343275976, 2.7900663197404936, 2.841080676004212, 12.060009906437902, 12.158323588983576, 0.5704903664593969, 78.87228976106513, 0.4578014774810851, 105.37261333545757, 42.214732995394634, 655.4192922931522, 300.35611971961623, 297.77616700485726, 402.69257601117073, 398.71279396628523, 298.8514272786761, 302.10390750062936, 445.9370005711877, 304.8635069155276, 1, 320, 0, 0, 466.1103299633936, 36.748767246600224, 647.4591558407564, 9.79579203616817, 5.404197010690436, 21.332398387622536, 33.617457694998045, 272.7602900959747, 0.5528436672475179, 7596.420196789685, 8.581711736696661, 3, 147.4916860360845, 9907.559180816555, 8, 7680, 2610.9843852565305, 35.51910436343139, 1.1510153970842412, 0, 66, 0, 10, 0, 10, 0, 66, 0, 66, 0.12516937754862914, 0.08195884014791358, 175265.3715891846, 6.961961286561311, 0, 70, 0, 1
DEMO_QSA_HIST_0035, 2024-12-15 13:30, QS · QS-DEMO-A, operator-538c64e4, 7, QuantStudio 3 and 5 Software 1.6.1, 38132, 88.88511121294263, 3.5401004095805972, 0.997035855363705, 0.9863818235221316, 5.423295693638823, 2.4154863527530197, 2.812541705975545, 2.8608470097953154, 12.002917698235093, 12.071400298705703, 0.566295509263722, 79.36362756571397, 0.3876262265208325, 104.6238484418771, 41.9001602038452, 665.9225190498681, 303.1511295364003, 293.6242027945272, 403.82351447320116, 399.93925814927394, 295.30659895407337, 297.156504068454, 452.42061477492064, 301.1198552781933, 1, 320, 0, 0, 468.29685844466246, 35.48820288920039, 635.0817167515219, 9.800155456420281, 5.361011511060326, 21.87902363263017, 33.85088869278735, 269.9600531385169, 0.5513030752535275, 7672.998085933329, 8.621542397366206, 0, 145.65200400623556, 10014.90192115971, 13, 7680, 2630.5410442026323, 35.18131902465446, 1.1427298733695146, 0, 66, 0, 10, 0, 10, 0, 66, 0, 66, 0.11947783346877157, 0.09865837033970437, 173592.7961552161, 6.754522344591552, 0, 70, 0, 0
DEMO_QSA_HIST_0036, 2024-12-25 14:30, QS · QS-DEMO-A, operator-96fc0cae, 7, QuantStudio 3 and 5 Software 1.6.1, 38366, 90.39183056874379, 2.9254060021195407, 0.9824741720213919, 0.9945769381070609, 5.34421117324708, 2.3746082987136465, 2.825377215154584, 2.877715713761355, 12.170961966719123, 12.08084864832464, 0.5673615201711169, 78.3431919824624, 0.3881112940937033, 103.85586062451009, 41.474636190820526, 667.2211685719841, 298.70826624201476, 303.15314060963834, 397.0614848883285, 406.30432070592815, 301.6736135603891, 299.7571460612335, 451.84337817593445, 299.62525675126193, 2, 320, 0, 0, 468.3813237171037, 36.1428475698785, 633.8179562681295, 9.851317300128741, 5.409254106299144, 22.243629897446066, 34.254884564531025, 267.454504946319, 0.5550256494778127, 7442.498886623357, 8.555143225533746, 0, 148.74850073512656, 10022.497610950853, 5, 7680, 2554.1400748909773, 35.42547168654602, 1.144613654920032, 0, 66, 0, 10, 0, 10, 0, 66, 0, 66, 0.12905313294416765, 0.08454529108943513, 174417.42308260853, 6.849327653888327, 0, 70, 0, 0
DEMO_QSA_HIST_0037, 2024-12-28 15:30, QS · QS-DEMO-A, operator-96fc0cae, 7, QuantStudio 3 and 5 Software 1.6.1, 38437, 90.11632734521517, 3.124179434527863, 0.9816809414031767, 0.9929854969882369, 5.229115380448226, 2.4404222033816843, 2.786159193732138, 2.834457033371235, 12.123665683163448, 12.316654876512757, 0.5705133709084628, 78.77575913066492, 0.3921989042842691, 105.47771147019606, 42.2978503583612, 665.0598762384371, 299.37705603024204, 301.5022916863952, 402.2944943597553, 395.9158661619089, 296.97035349414244, 305.28139560761684, 451.5823451904099, 301.544449425273, 1, 320, 0, 0, 466.39559977848904, 37.436495096757135, 647.8622469502487, 9.845486341976175, 5.337441200841212, 21.666770681847666, 34.60433226734128, 270.4859674144756, 0.5527989382067746, 7648.69008889499, 8.556299938015329, 4, 144.46542722213977, 10255.833741182876, 7, 7680, 2610.2394547556864, 34.72399489675727, 1.145796368476339, 0, 66, 0, 10, 0, 10, 0, 66, 0, 66, 0.1238747586005217, 0.08159313970853356, 176152.85490625736, 6.862228549671761, 0, 70, 0, 1
DEMO_QSA_HIST_0038, 2024-12-30 15:30, QS · QS-DEMO-A, operator-538c64e4, 7, QuantStudio 3 and 5 Software 1.6.1, 38484, 89.5693248394318, 3.543242376039561, 1.0211331153468424, 0.9984256939147845, 5.373573557689555, 2.3670301417512714, 2.8025235684466847, 2.814917464213326, 11.907961349863434, 12.359787332834266, 0.567594279382088, 78.81115037479016, 0.3921111254064215, 104.82956131236637, 41.262541059452126, 657.759863031645, 302.48813704664417, 297.7342784892559, 397.296859839634, 397.6681886229813, 299.4714640091439, 299.94416038260607, 448.5703282639855, 301.2415008258652, 0, 320, 0, 0, 469.46264752310736, 35.409589543507934, 636.2767514761568, 9.811733521826888, 5.354942368986586, 19.906825075127802, 33.60734074680578, 270.64835975656365, 0.5537499250858933, 7592.235438941354, 8.49304227532893, 0, 146.89217194220473, 9933.166396505356, 20, 7680, 2531.561297178224, 36.07091546308007, 1.1396306439452764, 1, 66, 0, 10, 0, 10, 0, 66, 0, 66, 0.12215786033724083, 0.10117908525651984, 177048.64884739072, 6.8310474727939745, 0, 70, 0, 0
DEMO_QSA_HIST_0039, 2024-12-30 15:30, QS · QS-DEMO-A, operator-96fc0cae, 7, QuantStudio 3 and 5 Software 1.6.1, 38484, 91.14091619649075, 3.5190411285204077, 1.0149840957876854, 0.9891808384240065, 5.292160510799735, 2.384087202926932, 2.8448994710216065, 2.8747329494429708, 12.292818299763374, 12.153012853824114, 0.5668316348994668, 78.47299817064392, 0.4055640448998929, 105.87258688603607, 42.00844910671534, 653.0419686832199, 297.18428098386676, 301.2367590323587, 401.0269406296037, 404.8480353651824, 296.2360162244347, 293.5382959872101, 455.3435089372393, 302.6067527601552, 0, 320, 0, 0, 466.2030319618878, 35.83120464634859, 637.7184945880164, 9.785068637339908, 5.413606707671928, 21.76799687111597, 34.11236908033427, 271.7314657728553, 0.5538495340601065, 7713.191641435124, 8.519646411807617, 1, 147.1070818820211, 10017.469065735746, 11, 7680, 2612.285107003141, 35.5002233086061, 1.1514403834005735, 0, 66, 0, 10, 0, 10, 0, 66, 0, 66, 0.12095999179095025, 0.1004639294666768, 173292.83808150576, 6.77283057801423, 0, 70, 0, 0
DEMO_QSA_HIST_0040, 2025-01-13 13:30, QS · QS-DEMO-A, operator-538c64e4, 7, QuantStudio 3 and 5 Software 1.6.1, 38807, 90.21298266578302, 3.578165309334344, 1.0024231045259047, 0.9945176674053382, 5.3690409345500365, 2.432419588277205, 2.8388303662720906, 2.8495477780566323, 11.999746659975955, 12.291313398669331, 0.5670634181065158, 78.93907948873695, 0.4128322368788907, 106.36671088430032, 41.74947446125098, 666.3653500775338, 298.4491421779633, 298.04633836336933, 401.86185322889764, 394.4151864318345, 307.28552846453607, 298.52532408196765, 450.46422817997427, 300.9189559341125, 0, 320, 0, 0, 465.23286172013536, 34.02002799983626, 642.8130472396218, 9.841915192939817, 5.310571712272994, 18.591649670843562, 33.892073000495635, 264.4079892128683, 0.5478569401790965, 7758.978832884254, 8.514990171116601, 1, 145.91045566549275, 10029.356777042856, 14, 7680, 2597.8535587116376, 35.402460650076364, 1.1519639079970305, 0, 66, 0, 10, 0, 10, 0, 66, 0, 66, 0.12055061235054114, 0.1373535925863853, 175951.5796752701, 6.763258135274278, 0, 70, 0, 1
DEMO_QSA_HIST_0041, 2025-01-20 10:30, QS · QS-DEMO-A, operator-96fc0cae, 7, QuantStudio 3 and 5 Software 1.6.1, 38967, 91.41426383096393, 3.325199820441069, 1.0039377259222595, 0.9993317538445504, 5.28132329323017, 2.334870493788261, 2.7965220639330983, 2.850696530920744, 12.068694245835067, 12.05816019560751, 0.5704611076771355, 78.78277045434827, 0.3848276911647767, 106.85522165467953, 41.69725619656613, 670.4710347263886, 305.07881742381693, 296.8975848510165, 401.5152453056344, 401.6983799508405, 298.40579268500016, 296.1306936792857, 453.79975134107127, 302.61845083024133, 1, 320, 0, 0, 463.53603732299416, 33.29708066736244, 645.9165374847912, 9.801714596089917, 5.2508093001207605, 18.29911843070696, 33.225985596184344, 268.9957269381012, 0.5421157811146958, 7708.973461683694, 8.539087993261425, 1, 149.21916201303247, 10168.616746025602, 9, 7680, 2605.1926811472226, 35.50235140339567, 1.1640064024355652, 1, 66, 0, 10, 0, 10, 0, 66, 0, 66, 0.10029768374710006, 0.0939142885525125, 175605.75648431826, 6.867537926181528, 0, 70, 0, 0
DEMO_QSA_HIST_0042, 2025-01-20 11:30, QS · QS-DEMO-A, operator-538c64e4, 7, QuantStudio 3 and 5 Software 1.6.1, 38968, 90.80179449402817, 2.9357214458282326, 1.0244791368156156, 0.9872910759910615, 5.377093623717209, 2.38674561093915, 2.7879548777150696, 2.795475696714806, 12.12919335376013, 12.394991620046962, 0.5690720471535814, 77.60642862554296, 0.42055691859558064, 104.31929732678326, 41.91095112916091, 660.6757982025861, 296.89933285644673, 301.05227053826013, 392.30700364692984, 397.7553302474094, 299.2601031696356, 300.7298727212578, 449.07772901671177, 298.79969031655145, 0, 320, 0, 0, 465.8998216619899, 35.70406236917511, 637.447800112842, 9.837426211831325, 5.311325559932699, 19.81245885610576, 32.974026168303986, 271.2456057674685, 0.5506225364937728, 7419.0401359672705, 8.54953752552589, 1, 146.9587693520826, 10011.083167534853, 13, 7680, 2548.584730386443, 35.8442879922122, 1.1493781903465001, 0, 66, 0, 10, 0, 10, 0, 66, 1, 66, 0.1282425359261123, 0.08437781480462156, 175994.6698092535, 6.851931795061392, 0, 70, 1, 2
DEMO_QSA_HIST_0043, 2025-01-20 10:30, QS · QS-DEMO-A, operator-538c64e4, 7, QuantStudio 3 and 5 Software 1.6.1, 38967, 90.11789661358786, 3.4798054823255598, 1.0036853118154807, 1.0025162507421213, 5.192335654855705, 2.4238456648012003, 2.792196078643948, 2.872804466135762, 12.031885605891633, 12.170895318525215, 0.572238337888995, 78.77112100106964, 0.3869931424067084, 103.70146115932772, 42.48128018688199, 656.6696659900513, 303.811489832991, 298.6089379324562, 394.3206616689259, 400.4582770900839, 298.2748874323918, 296.85421174248137, 448.84675580040016, 303.6813990488311, 1, 320, 0, 0, 471.74490063010995, 36.42312577988655, 647.6748966607036, 9.788108863102188, 5.250406371546566, 19.117298449139245, 33.80383211845189, 269.98865160109744, 0.5603314319175261, 7622.2061229986175, 8.527057461033396, 0, 146.4493385682538, 9917.448985357967, 14, 7680, 2601.3563966306333, 35.63024492211107, 1.126829972117811, 0, 66, 0, 10, 0, 10, 1, 66, 2, 66, 0.141863983473097, 0.07917718170828525, 173264.27333145647, 6.757369581676853, 0, 70, 1, 2
DEMO_QSA_HIST_0044, 2025-02-06 16:30, QS · QS-DEMO-A, operator-538c64e4, 7, QuantStudio 3 and 5 Software 1.6.1, 39369, 90.18232821947683, 3.3812972231785166, 0.9929588806850649, 1.000209936391076, 5.400412552421211, 2.346583318521937, 2.8242548124844884, 2.855367448431013, 11.996827789431517, 12.187217902234622, 0.5683300760640098, 79.3387159899755, 0.40577121455591225, 103.36270791579187, 41.82031278411618, 658.9887391721986, 300.41801880212165, 300.4339173254258, 396.03533845390376, 397.0993906160788, 303.47454372663236, 298.4613078050987, 450.32152488509547, 298.4598984718024, 0, 320, 0, 0, 468.52169023404946, 35.996772469005236, 641.4164073349428, 9.825544207980355, 5.384156667000099, 19.356379843262776, 33.927289045647406, 276.02878245349063, 0.5503745042267049, 7715.245002417954, 8.415486553023348, 0, 146.28947511009056, 9898.838253081845, 9, 7680, 2556.953686011574, 35.57194821619847, 1.144958871170015, 0, 66, 0, 10, 0, 10, 0, 66, 0, 66, 0.11452550836497134, 0.08081091949504664, 175379.4530201574, 6.617476278683552, 1, 70, 0, 1
DEMO_QSA_HIST_0045, 2025-02-12 16:30, QS · QS-DEMO-A, operator-538c64e4, 7, QuantStudio 3 and 5 Software 1.6.1, 39508, 89.0542411022034, 3.109885267041726, 0.9980923225196953, 0.9910864863197585, 5.1729165900458, 2.4266157799236723, 2.8060789075267785, 2.851284623786349, 11.920898226200785, 11.99180454815973, 0.5725119850386058, 77.75572603333839, 0.4142578571627551, 103.38038915590882, 42.5773935516243, 661.4533611838606, 298.05425852856325, 300.7299071149195, 402.40733728912994, 394.7159316317621, 302.6848283470959, 296.292729418353, 454.38093359998965, 298.283348917691, 0, 320, 0, 0, 464.94969748986944, 36.81292867014306, 645.9502461463848, 9.861715203861056, 5.266941992352454, 21.90213598793989, 33.96330300615365, 269.10426419391007, 0.5603531331871011, 7698.441936730701, 8.58058617012166, 5, 145.58379251561453, 9848.58702697993, 14, 7680, 2557.176650135189, 35.73018161366469, 1.1584107016578156, 0, 66, 1, 10, 0, 10, 0, 66, 0, 66, 0.12461464381900589, 0.08015542495438968, 175209.01715843842, 6.825195335735361, 0, 70, 0, 0
DEMO_QSA_HIST_0046, 2025-02-18 10:30, QS · QS-DEMO-A, operator-96fc0cae, 7, QuantStudio 3 and 5 Software 1.6.1, 39642, 90.2133561309196, 3.109418791881211, 0.9891383482000454, 0.9923993553565748, 5.2515818891712645, 2.445161671704306, 2.804784445697686, 2.8539138271153033, 12.032310402010692, 12.190304507714274, 0.5710693173895722, 78.22435350641823, 0.4113286921536098, 106.46021163608587, 42.11815605850213, 661.5041343840542, 304.63312806064727, 299.0716884044559, 400.57199633174065, 398.3275594762985, 302.4605119603538, 300.8797518033393, 443.81794512583815, 296.9075711821003, 0, 320, 0, 0, 465.68810410698154, 37.2577088842037, 641.6016962037753, 9.88146507280657, 5.3313098918055895, 19.33326396483962, 33.5539237491207, 271.3860102848443, 0.5574428917727247, 7583.128419889969, 8.405282809934237, 2, 146.3587700351487, 9977.73058770144, 14, 7680, 2569.6689162111875, 34.961712861373265, 1.1429394125578571, 0, 66, 0, 10, 0, 10, 0, 66, 0, 66, 0.12926546393834715, 0.0797118926282189, 172573.73274522202, 6.85968642139744, 0, 70, 0, 1
DEMO_QSA_HIST_0047, 2025-02-22 16:30, QS · QS-DEMO-A, operator-81023fd5, 7, QuantStudio 3 and 5 Software 1.6.1, 39741, 89.43363767497878, 3.4859739297045205, 1.0000621590902685, 0.9811474989084061, 5.384598531665018, 2.4282976334320123, 2.81787342136388, 2.8200545892597453, 12.14524619210838, 12.247265015694284, 0.5716821113060544, 78.58131260830655, 0.39307022798321023, 104.47279830574169, 42.39281676140005, 665.0021009165, 301.6044549423958, 296.8775983118737, 396.53178693397297, 394.1611397588056, 296.80169865527483, 299.9533779766594, 445.0012335195847, 299.82510019425166, 0, 320, 0, 0, 471.1768346514129, 37.870222468460454, 639.339950601392, 9.823275957350013, 5.2503385088498895, 17.461635722057814, 34.10422187474856, 270.24872017167206, 0.5439570479619086, 7511.634001792415, 8.346359580517298, 0, 146.66472446657835, 9982.962609485483, 15, 7680, 2561.32583708616, 35.573167606695954, 1.1579435437631118, 0, 66, 0, 10, 0, 10, 0, 66, 0, 66, 0.09952455129162903, 0.11406689362989929, 174156.04943115386, 6.710364738406767, 0, 70, 0, 0
DEMO_QSA_HIST_0048, 2025-02-27 15:30, QS · QS-DEMO-A, operator-96fc0cae, 7, QuantStudio 3 and 5 Software 1.6.1, 39857, 91.02068335694776, 3.530295799539764, 1.0243922312309304, 0.9970201878366541, 5.45126168991726, 2.3723914243420965, 2.7940500075875683, 2.8525446602317674, 12.097216917674062, 12.116477330778844, 0.5725991475891397, 78.08517762201805, 0.3879304970462637, 105.87236719000406, 42.05956107784126, 661.4879687508433, 301.0554372928916, 302.24291685045284, 399.0371912368066, 402.68512026578566, 295.66034559952504, 297.26509200633035, 456.68277447279183, 303.2103859343369, 0, 320, 0, 0, 464.9134115950568, 37.97586584522057, 640.590461534964, 9.86694900466574, 5.3721997728211095, 22.27479507061033, 33.98393174220411, 271.47036757370444, 0.5564618883401259, 7666.414329615118, 8.53866559788857, 1, 146.4183167051794, 9972.534421871474, 21, 7680, 2526.7384002938174, 35.37964099221291, 1.1564714882434248, 0, 66, 0, 10, 1, 10, 0, 66, 0, 66, 0.09995282403286343, 0.11392521536439927, 176150.38324694277, 6.831223010723703, 0, 70, 0, 1
DEMO_QSA_HIST_0049, 2025-02-28 12:30, QS · QS-DEMO-A, operator-538c64e4, 7, QuantStudio 3 and 5 Software 1.6.1, 39877, 90.24780183328994, 3.610049622325745, 0.9891065911876525, 1.0062689425720437, 5.341479965016287, 2.38479682842898, 2.8204521371427123, 2.838683787191335, 12.015871193124617, 12.20260144665492, 0.5706324985624536, 78.58715788432445, 0.4112689405727674, 104.59986859158072, 41.71362721728625, 656.5998813748192, 302.4760310855083, 296.77111815191137, 401.92729058521576, 406.2810817574035, 303.16526141931473, 304.43095823933965, 448.21955402098325, 299.2654270304938, 1, 320, 0, 0, 466.9401626831324, 34.78791089359668, 655.815840487814, 9.88505556680916, 5.367327620394564, 19.218596575583117, 33.4615795059094, 270.9620472634636, 0.56262201616193, 7548.179142371811, 8.618369825890769, 0, 146.00065466726846, 10158.086456495024, 18, 7680, 2576.5226804199087, 35.69242760624358, 1.1522439325464962, 0, 66, 0, 10, 0, 10, 0, 66, 0, 66, 0.12114226022415367, 0.09866929826080274, 174182.54022278474, 6.743209238772446, 0, 70, 0, 1
DEMO_QSA_HIST_0050, 2025-03-01 12:30, QS · QS-DEMO-A, operator-81023fd5, 7, QuantStudio 3 and 5 Software 1.6.1, 39900, 90.40947653466385, 3.2984510715463893, 1.0047567951671728, 1.0138868090967947, 5.308469336867128, 2.355375114174447, 2.7968679244729517, 2.86614756936321, 12.135260809644382, 12.657003411870448, 0.5743563001882431, 79.01476799223168, 0.4178562310957961, 106.12257830250482, 41.33421986670726, 667.8834657676563, 299.56075537361073, 303.5142782309701, 394.48658708488296, 406.21624961905854, 300.6739001993796, 298.2105854675942, 451.9395303181601, 296.3561550090821, 2, 320, 0, 0, 460.8582415275858, 33.30315802422342, 638.6737815913675, 9.828806452712197, 5.261443053635903, 19.22164257621021, 34.674046055539115, 264.83530188975016, 0.5499012916712543, 7684.3466529472025, 8.540319937043224, 0, 145.55317860358278, 9801.581290687767, 12, 7680, 2582.596159801996, 36.35045698820699, 1.1445075573638694, 1, 66, 0, 10, 0, 10, 0, 66, 0, 66, 0.10396943436560824, 0.09162911965627638, 175630.77895176364, 6.892862776148161, 1, 70, 0, 0
DEMO_QSA_HIST_0051, 2025-03-01 15:30, QS · QS-DEMO-A, operator-538c64e4, 7, QuantStudio 3 and 5 Software 1.6.1, 39903, 88.71798073757164, 3.4514946460813936, 1.0007419016054242, 0.9915035832752973, 5.354541679213205, 2.37197406603354, 2.8350554801195287, 2.859275668287143, 12.147511464954569, 12.196646747006755, 0.5739404646678771, 78.51798033294068, 0.4274075213453195, 106.09797906296494, 42.110149219659455, 675.0014533560313, 294.2382936195791, 300.30725140081853, 397.8756550721311, 412.0873322179367, 300.8091733476385, 298.9986280004779, 450.15291415219804, 301.31007111746754, 0, 320, 0, 0, 465.31430775019953, 37.696670616423795, 640.7495431957461, 9.842877901530924, 5.381793038358511, 21.531103746602998, 33.90664588393807, 269.2936263788392, 0.5523769882369415, 7661.1271362210755, 8.615563697047707, 1, 147.42036376710172, 10178.647512720952, 11, 7680, 2603.3644002672863, 35.60810641567861, 1.1511998069714415, 0, 66, 0, 10, 0, 10, 0, 66, 0, 66, 0.09904636204708488, 0.11446191302968521, 174675.80218283975, 6.629548954289083, 1, 70, 0, 0
DEMO_QSA_HIST_0052, 2025-03-12 16:30, QS · QS-DEMO-A, operator-96fc0cae, 7, QuantStudio 3 and 5 Software 1.6.1, 40160, 89.47350612030975, 3.5685047458873154, 1.0164068893754676, 0.9883088347340897, 5.353287479419909, 2.4100432365524926, 2.8937463347934744, 2.8830717427188004, 12.008985739991507, 12.188501607818086, 0.5722404475028987, 78.2317592873353, 0.38690803915121236, 104.52282505042079, 42.276591975814384, 660.6899636576337, 301.3789150689601, 298.1924117212786, 399.2196263940641, 401.29149366817563, 299.9149343222468, 303.6095934708033, 450.86951909429007, 298.29710657697393, 2, 320, 0, 0, 467.4208177928291, 37.62907556165256, 638.1694361697182, 9.988481321515895, 5.350839647219964, 18.0234917165759, 33.34549671172049, 268.68980289755876, 0.5539928547888415, 7516.42736370179, 8.543109332602581, 0, 144.8767419683438, 9853.09696537575, 12, 7680, 2577.9945472605473, 35.89538643804228, 1.1544722894633772, 0, 66, 0, 10, 0, 10, 0, 66, 0, 66, 0.10048987637752904, 0.11615307359863154, 177795.69383770126, 6.689871748453351, 0, 70, 0, 0
DEMO_QSA_HIST_0053, 2025-03-20 12:30, QS · QS-DEMO-A, operator-81023fd5, 7, QuantStudio 3 and 5 Software 1.6.1, 40342, 89.7347881346178, 3.5637151860933356, 0.9910564528665754, 1.0071273443287156, 5.348272652088676, 2.4452241148405953, 2.768999451185805, 2.8803151433110665, 11.973227012875967, 12.135349619242415, 0.5725013928177236, 79.80584645308393, 0.39631517858788784, 105.44028799570805, 41.41016628334361, 654.2324428135505, 301.09323857875273, 298.29408247771636, 400.29999048182344, 397.39295028332583, 296.39012455380436, 299.4287705190138, 446.43808256139243, 298.3053885958942, 3, 320, 0, 0, 469.30195226991515, 33.77991046004578, 641.091415519825, 9.92748363604171, 5.175762159697035, 19.69160789830355, 34.092778259326906, 275.62484335097514, 0.5578217313036069, 7753.763806671376, 8.465999961779662, 0, 145.18874190516968, 9840.241321615802, 15, 7680, 2616.6172210870604, 36.16519207577202, 1.1568663135184334, 0, 66, 0, 10, 0, 10, 1, 66, 1, 66, 0.12334308194350521, 0.13798253726649226, 176038.57252835337, 6.874614884450648, 0, 70, 0, 2
DEMO_QSA_HIST_0054, 2025-04-12 14:30, QS · QS-DEMO-A, operator-96fc0cae, 7, QuantStudio 3 and 5 Software 1.6.1, 40879, 90.3168651989918, 3.427037022668363, 0.9897194725196593, 0.9874451170025849, 5.2980698761265375, 2.446795430584841, 2.8103280091840843, 2.8012951203599483, 12.18929002596743, 12.208972615080345, 0.5776020349177143, 79.22771593055646, 0.3919091191150763, 105.61861582123338, 41.40586556446379, 639.6932008256767, 301.39599760427075, 302.6240133223646, 402.43343255018146, 400.2445857041809, 303.6058961397821, 298.1351125827296, 442.39540842814205, 301.76790136262645, 0, 320, 0, 0, 469.95200424372933, 36.196634859789434, 645.964221529164, 9.87642235877539, 5.214471950489173, 19.43386107512571, 34.75863334646906, 268.5779393376238, 0.553334832482186, 7646.22549599222, 8.531661095602605, 1, 149.1411586673355, 9909.83430308202, 19, 7680, 2558.2538385518587, 35.562420781248846, 1.1356666985673316, 1, 66, 0, 10, 0, 10, 0, 66, 0, 66, 0.1396965253780676, 0.07854456621121432, 175089.03960776707, 6.773397626199861, 0, 70, 0, 0
DEMO_QSA_HIST_0055, 2025-04-29 13:30, QS · QS-DEMO-A, operator-81023fd5, 7, QuantStudio 3 and 5 Software 1.6.1, 41273, 88.1664566955814, 3.525190124863677, 0.988274245065293, 1.011469182794287, 5.349482276386506, 2.399240971763676, 2.7952489641487874, 2.8133327810204514, 11.948922165532869, 12.28122018769178, 0.579984993316184, 79.99570633385123, 0.40834699459220936, 104.65475487752796, 42.08377036967349, 662.1649984303806, 302.2576503693902, 298.27934652562203, 404.01874741868875, 406.0774807213711, 299.9488161914425, 296.1101702574708, 441.963133416712, 299.7597832286745, 0, 320, 0, 0, 473.91331809800056, 36.287165151709935, 634.1067416203455, 9.907833293887306, 5.24774464262232, 21.63718256021086, 33.81627829393898, 271.5394063466262, 0.5526124583682025, 7550.710255985366, 8.717378435580086, 0, 151.60557872067596, 10047.644619418823, 15, 7680, 2578.4729962883184, 35.3763286775156, 1.145684441025227, 0, 66, 0, 10, 0, 10, 0, 66, 0, 66, 0.12102418382617883, 0.1012331919066047, 172273.0361404726, 6.814631303372311, 2, 70, 0, 0
DEMO_QSA_HIST_0056, 2025-04-30 13:30, QS · QS-DEMO-A, operator-81023fd5, 7, QuantStudio 3 and 5 Software 1.6.1, 41296, 91.49882623499708, 3.137144665334243, 0.9916869870331511, 0.995854826889516, 5.233247462643593, 2.399826222389253, 2.795913668711347, 2.848853462327592, 12.0310786427933, 12.176948900923174, 0.5800231727492255, 79.0812246284881, 0.4226545907826899, 103.52327374337021, 42.01513915129601, 667.0640303455095, 301.27184847446813, 301.95789390433396, 398.447244807995, 395.8992445391655, 305.24514351678147, 298.32776828783756, 441.8618112826541, 300.6488851787997, 0, 320, 0, 0, 464.38306871124075, 37.79190486113061, 642.5597421696641, 9.895823393558247, 5.221510650331423, 20.122417739206742, 34.310737654226465, 269.06239257076567, 0.5548474548014584, 7564.533853061081, 8.459075375840035, 5, 147.22195709164498, 9896.646060371544, 14, 7680, 2621.601597424503, 35.47514381166126, 1.1540640533608892, 0, 66, 0, 10, 0, 10, 0, 66, 0, 66, 0.12621101633438805, 0.08125999457463248, 172419.91485930022, 6.9255080508104125, 0, 70, 0, 1
DEMO_QSA_HIST_0057, 2025-05-02 11:30, QS · QS-DEMO-A, operator-81023fd5, 7, QuantStudio 3 and 5 Software 1.6.1, 41341, 91.88506355487756, 3.352087273689395, 0.9978093250999454, 1.0060264641708094, 5.27186581703157, 2.3599871241285895, 2.860280260022608, 2.828588592786524, 12.104372215787281, 12.173659140310601, 0.5776581189577883, 78.78848135300625, 0.39723790539278697, 104.45800194531219, 41.669036373810044, 658.3923543043128, 301.93544574984435, 305.775636509194, 411.6071408513401, 399.1178238511634, 300.23944637418725, 298.7269973371003, 456.870707087752, 301.278851416595, 0, 320, 0, 0, 469.34414399143435, 36.25736784161191, 639.0165566566418, 9.923028459810668, 5.268522391058021, 18.060198339049865, 33.81606738361197, 268.42187732912936, 0.5621702937309251, 7804.222288463101, 8.611093597736302, 1, 148.33420419134222, 9861.982308850718, 20, 7680, 2633.5145088161803, 35.34743704738946, 1.1490781480198007, 0, 66, 0, 10, 0, 10, 1, 66, 0, 66, 0.11468086160121328, 0.07925142951861919, 174677.03190963034, 6.773547089621073, 0, 70, 1, 0
DEMO_QSA_HIST_0058, 2025-07-02 16:30, QS · QS-DEMO-A, operator-538c64e4, 7, QuantStudio 3 and 5 Software 1.6.1, 42765, 90.19264646872155, 3.2609633551851425, 0.9675894039186069, 1.0078549792414864, 5.345051539862509, 2.3434570969878807, 2.8011407415761633, 2.8070431388905064, 12.039945238097086, 12.373240438959986, 0.5841247157416045, 78.98077582557114, 0.3959078988964832, 105.4768366734064, 42.03230910300137, 663.1594684673955, 301.3316648552112, 298.2103271497372, 401.74683420276847, 398.3631384915691, 301.3221402566728, 300.97148534931415, 446.7996643027697, 297.96369024299526, 2, 320, 0, 0, 475.204101987548, 33.41610988928465, 647.8180110378139, 9.942689043182495, 5.340393373462435, 21.04367210150432, 34.08040423129587, 270.4208010671, 0.5518260127677033, 7666.430109449553, 8.523094984358801, 0, 145.66607589120628, 9943.509639077953, 17, 7680, 2615.444513502335, 34.66736658906898, 1.1401401754082663, 1, 66, 0, 10, 0, 10, 0, 66, 0, 66, 0.10225428152714348, 0.09271238307645284, 178308.3195866758, 6.795524724226386, 1, 70, 0, 0
DEMO_QSA_HIST_0059, 2025-07-14 12:30, QS · QS-DEMO-A, operator-96fc0cae, 7, QuantStudio 3 and 5 Software 1.6.1, 43041, 89.78254966354568, 3.2216204591304094, 1.0058709658439773, 1.0065256032574939, 5.359676456532991, 2.361312435531317, 2.8345609938469933, 2.821198411085699, 12.116199483312808, 12.123768895382694, 0.5830476104543397, 79.58159022844245, 0.4016510688359099, 105.04111201457762, 42.02192698404253, 668.171246855425, 303.26844073013194, 301.661654959789, 397.7450594766633, 395.5356274635158, 298.4002016709284, 303.6542114451352, 452.89886807255755, 297.4485010463079, 2, 320, 0, 0, 468.51219380174894, 35.932755616446904, 653.5878227336291, 9.928260112962786, 5.22390388014086, 19.67954797577203, 34.071119321891196, 269.8955722436717, 0.5524390643063959, 7701.257512317713, 8.597704612590466, 0, 145.65462116873954, 10073.647373909771, 16, 7680, 2637.898552644422, 35.02702854419762, 1.1312489836843458, 0, 66, 0, 10, 0, 10, 0, 66, 0, 66, 0.09631124897774071, 0.10654672327454828, 174581.89659683427, 6.7647859027043165, 1, 70, 0, 4
DEMO_QSA_HIST_0060, 2025-08-04 17:30, QS · QS-DEMO-A, operator-538c64e4, 7, QuantStudio 3 and 5 Software 1.6.1, 43534, 89.86192822636696, 3.5481593530370557, 0.9920928947428443, 0.9963868228714003, 5.438074534974724, 2.381240731763702, 2.874993490723848, 2.8319857097913816, 11.998952542662776, 12.26586423418915, 0.5882774490165136, 79.02848018778525, 0.4284090402554389, 105.36075061864867, 41.99190872912765, 674.4760362899469, 298.4039282823467, 299.5027321565063, 396.7267197841237, 401.456499641008, 298.23898250266296, 297.4477662853236, 446.9443682618473, 301.0675501681755, 0, 320, 0, 0, 465.0163480596747, 35.58021199305587, 637.8223869286094, 9.910189295752609, 5.410114069917974, 20.649060470975893, 34.4067235142544, 272.9461441071057, 0.5546438802259315, 7545.022928224191, 8.504861230126016, 0, 146.29627573098904, 9955.678003364923, 17, 7680, 2571.388459985998, 35.88592243132674, 1.1433798680081322, 0, 66, 0, 10, 0, 10, 0, 66, 0, 66, 0.1221683526972523, 0.10017583875234932, 173159.22466027588, 6.729132576023599, 0, 70, 1, 2
DEMO_QSA_HIST_0061, 2025-08-05 11:30, QS · QS-DEMO-A, operator-81023fd5, 7, QuantStudio 3 and 5 Software 1.6.1, 43552, 89.973265177076, 3.387290626348442, 0.9865982292538714, 0.9999096764555795, 5.337491395498534, 2.411978720506393, 2.884071616368949, 2.8341729093173242, 12.030535919137572, 12.192147526387174, 0.5855104106046841, 80.04458133994555, 0.406375311366375, 105.90115925020108, 41.16831258950509, 665.920444255198, 295.97726820930114, 298.154619898159, 398.7347088847144, 400.1480440679378, 300.692136641203, 300.33625675032306, 449.43160778324034, 301.216462945773, 1, 320, 0, 0, 467.67706094842697, 36.07524919822339, 632.6398371271079, 9.997979268670946, 5.185868529449278, 18.325069043073025, 34.094078957395105, 266.70581035738047, 0.5535889120858526, 7616.962963008523, 8.601580709383425, 0, 147.71855073435813, 9995.091767516074, 17, 7680, 2569.5089745706796, 35.139470516529414, 1.1444474573826033, 0, 66, 0, 10, 0, 10, 0, 66, 0, 66, 0.13886273221165552, 0.07795468053038299, 176561.38397675502, 6.821561819998826, 0, 70, 0, 0
DEMO_QSA_HIST_0062, 2025-08-05 11:30, QS · QS-DEMO-A, operator-81023fd5, 7, QuantStudio 3 and 5 Software 1.6.1, 43552, 88.81267763147193, 3.4097696389380183, 0.9993438567511926, 1.0076073312357556, 5.332744936677572, 2.435347871966535, 2.7682708145711032, 2.808235728203757, 12.153170279525694, 12.203412041907626, 0.5849431592861974, 80.25143776166101, 0.4123424541767824, 102.80026284206227, 41.91895986970143, 660.7754003201317, 293.8050102008918, 299.36859491374304, 402.4804753395613, 397.76317926193593, 295.21808084450697, 297.8087804016339, 442.10544239024784, 299.8112815518135, 2, 320, 0, 0, 469.93018756499083, 36.91833408556369, 639.99524025056, 9.936046152032468, 5.278935857329383, 20.597347591847328, 34.13784655871296, 266.1393716260098, 0.5558876653460114, 7655.115662204172, 8.481989557401914, 1, 148.33533061353674, 10078.533259156813, 13, 7680, 2576.33742925301, 35.33158806566801, 1.1562707315318426, 0, 66, 0, 10, 0, 10, 0, 66, 0, 66, 0.14184181613108485, 0.07951137100724716, 175369.11383505224, 6.8417222823345805, 0, 70, 1, 1
DEMO_QSA_HIST_0063, 2025-08-09 12:30, QS · QS-DEMO-A, operator-538c64e4, 7, QuantStudio 3 and 5 Software 1.6.1, 43646, 89.47983564023885, 2.6755558018373558, 0.9903634323586678, 1.0036707684416324, 5.279304219608804, 2.409682843787363, 2.8075364754797114, 2.8564917706977435, 12.295067140449113, 12.124320793872297, 0.58599187683899, 80.59639859417956, 0.42076400090625876, 105.21954718493913, 42.213013648521546, 660.6068911177396, 303.7353938904386, 294.27177881874076, 399.3923629604077, 399.18176222047896, 302.18764185324875, 298.8701261956103, 449.2991898236852, 304.8777321867367, 1, 320, 0, 0, 466.6512213684767, 36.151008020344044, 651.2251720680929, 9.90919554096419, 5.199490713654999, 19.484171478312817, 33.982678006887454, 270.60434192029425, 0.5580771900485088, 7553.599845204405, 8.664145360026387, 0, 147.03450278713106, 9978.559820438039, 19, 7680, 2632.528763133157, 35.087962057851534, 1.1336058597927514, 0, 66, 0, 10, 1, 10, 0, 66, 0, 66, 0.09086833032265361, 0.10537043086267567, 172706.7206807583, 6.659316527766642, 0, 70, 0, 1
DEMO_QSA_HIST_0064, 2025-08-12 15:30, QS · QS-DEMO-A, operator-538c64e4, 7, QuantStudio 3 and 5 Software 1.6.1, 43719, 90.53807499848675, 3.542369427884599, 1.0055133419338285, 1.025891252666576, 5.341415055415399, 2.434964353584485, 2.7733921146254685, 2.8176249341161625, 12.17643066336214, 12.387107238306859, 0.5885947157817114, 80.3166470455223, 0.4260159227464918, 105.13428099575637, 41.87482016565461, 663.1298599353069, 305.76338254057686, 304.20297081687886, 401.12637641273085, 405.7453364196915, 299.432024497242, 302.6345216679702, 453.3403453608, 301.52628829717634, 1, 320, 0, 0, 463.6867074746569, 34.596333564293886, 636.8255079320187, 9.928118596795937, 5.265600940700786, 20.39803629725618, 33.63880122568107, 268.4485988432461, 0.5539257130894301, 7781.679126454658, 8.673437401963781, 1, 146.83147678108193, 9944.539409228437, 14, 7680, 2587.4150664866866, 35.34580542094479, 1.1442576697141524, 1, 66, 0, 10, 0, 10, 0, 66, 0, 66, 0.1231109171334178, 0.13820454795379886, 173997.71428297527, 6.683049233361487, 0, 70, 0, 2
DEMO_QSA_HIST_0065, 2025-08-19 11:30, QS · QS-DEMO-A, operator-81023fd5, 7, QuantStudio 3 and 5 Software 1.6.1, 43878, 89.47578656544549, 2.7216580031835065, 1.0116472966111976, 0.992753003931956, 5.368680456387122, 2.4171687359371345, 2.860031855359344, 2.819118997127875, 12.030707115612797, 12.254723774648301, 0.5876159356859426, 79.85714257400204, 0.4093376086566577, 104.9777762165591, 41.99019435030457, 659.6049894873047, 300.97105731913126, 297.31161685096424, 396.4919147480539, 393.55354481055497, 296.2402494632718, 304.64927259870467, 455.862498283299, 300.9039887429996, 4, 320, 0, 0, 470.4497938230479, 35.64217337957409, 639.0069558772796, 9.954862502241086, 5.238325865799528, 18.29653472307239, 33.86236364847311, 269.26346295235595, 0.5459100448554896, 7561.744118932721, 8.478962742050113, 1, 147.4304669611678, 9954.649835108796, 15, 7680, 2629.517627506336, 34.76562920819659, 1.1505350324159966, 0, 66, 0, 10, 0, 10, 0, 66, 0, 66, 0.08917296618318965, 0.10593275956642624, 176672.65070813228, 6.719759718888247, 0, 70, 1, 1
DEMO_QSA_HIST_0066, 2025-08-29 12:30, QS · QS-DEMO-A, operator-96fc0cae, 7, QuantStudio 3 and 5 Software 1.6.1, 44111, 89.31336876956694, 2.9118439267327796, 1.0157375599119365, 1.0014265966275424, 5.431608529709408, 2.3443891078888175, 2.788912996884303, 2.854906994260049, 12.044342708936682, 12.436441640399336, 0.5878191539475508, 80.42216180042543, 0.41297786264142416, 104.32578366886865, 41.720332189653675, 658.9909631025012, 300.00476898443276, 303.88340144138743, 402.625047996314, 395.9015950414608, 295.0323296460133, 298.7675700992512, 447.8038660887007, 299.2851259105359, 0, 320, 0, 0, 465.5252908492593, 35.86367595234863, 634.8674322158804, 9.965928345144022, 5.271221530761422, 21.758897589426155, 33.976595384952695, 269.7279556939253, 0.5467293905226775, 7548.968859128806, 8.490284451126893, 0, 147.76802386544384, 10033.964836977388, 20, 7680, 2579.5558240525475, 35.220395208603406, 1.136360084146194, 0, 66, 1, 10, 0, 10, 0, 66, 0, 66, 0.12872268658510738, 0.0842250103401797, 177533.38031568108, 6.828452499814604, 0, 70, 0, 1
DEMO_QSA_HIST_0067, 2025-09-05 11:30, QS · QS-DEMO-A, operator-81023fd5, 7, QuantStudio 3 and 5 Software 1.6.1, 44273, 90.93706034964995, 3.1109883925869966, 0.9933065100584719, 1.0230898571728961, 5.212117049205308, 2.4371806549698634, 2.826219549735865, 2.8094930886394702, 11.94465649097939, 12.184262481094377, 0.5830094914444593, 82.40175764655227, 0.41714967393610264, 104.45522511126987, 43.07053539419315, 658.9283738266338, 299.9320088569439, 301.9169727119766, 399.2146801608764, 397.6668927313673, 299.185990444106, 304.53741009960385, 443.5918933842452, 312.5051884129425, 1, 320, 0, 0, 475.0941577416805, 36.75326866697999, 629.6856609397679, 9.963094274551603, 5.412528822842681, 22.191305531767153, 34.05091685645298, 269.97230655930684, 0.5574059010596611, 7603.387978078677, 8.482653918119759, 2, 142.9416411142299, 9922.998055725182, 11, 7680, 2588.8659807405056, 35.394602722621684, 1.1451722279149854, 0, 66, 0, 10, 0, 10, 0, 66, 0, 66, 0.12802712145918638, 0.08008832426841815, 174685.43181330984, 6.979185469251694, 0, 70, 0, 0
DEMO_QSA_HIST_0068, 2025-09-17 15:30, QS · QS-DEMO-A, operator-96fc0cae, 7, QuantStudio 3 and 5 Software 1.6.1, 44556, 89.39456242623771, 3.2217472594049053, 0.9939590153892741, 1.0140287863870767, 5.193640599065467, 2.354031913331189, 2.8092796531340087, 2.815590015152775, 12.33798322448286, 11.97151289950567, 0.5874668243091717, 79.34465719482007, 0.4109680041334396, 107.23600443489069, 42.17188217936209, 651.294403091746, 306.62853681551314, 297.34258392830424, 402.1774311625966, 398.7803119770769, 296.5721357073835, 304.02169363481386, 453.9761561471913, 316.7827015106172, 1, 320, 0, 0, 461.803702617484, 35.88653946577384, 628.8488819026958, 10.021797797547341, 5.19844753731335, 20.54995951977575, 34.11317701633248, 272.535857265048, 0.5541878736706833, 7655.520684949343, 8.525722877402819, 0, 145.95076853714374, 10157.423465524622, 10, 7680, 2632.886961320153, 35.779746655901015, 1.1569471424080924, 0, 66, 0, 10, 0, 10, 0, 66, 0, 66, 0.09914046638456814, 0.10526341976348502, 176658.51323779658, 6.870114473588534, 0, 70, 0, 2
DEMO_QSA_HIST_0069, 2025-09-18 15:30, QS · QS-DEMO-A, operator-96fc0cae, 7, QuantStudio 3 and 5 Software 1.6.1, 44580, 88.75915857448804, 3.2866904514598763, 1.0050564096194463, 0.9971890165687783, 5.344720532650256, 2.3563767171151504, 2.8767448730280933, 2.794705916496276, 11.993845560538386, 12.040900973156976, 0.5864071609636502, 79.70574604202079, 0.4144252379493927, 106.27653062492085, 41.82864636230105, 651.3869194389631, 298.63745969932467, 295.94330849973977, 397.40554828748014, 402.3650801993641, 300.16849711145454, 300.4628371838887, 449.82918024386976, 310.67599325531467, 2, 320, 0, 0, 459.6237040404328, 33.57211122266664, 637.6952254595944, 10.004992755673868, 5.205485885124734, 22.45862204419904, 34.3800195473948, 266.90096769478146, 0.5609570454703456, 7666.061026124823, 8.641783056808816, 0, 147.39902152699608, 10155.763054057552, 13, 7680, 2571.3967325798585, 35.55717704303243, 1.1393489128453953, 0, 66, 0, 10, 0, 10, 0, 66, 0, 66, 0.10215845566630692, 0.09406890596674314, 175774.9426661135, 6.8240982665513625, 0, 70, 1, 1
DEMO_QSA_HIST_0070, 2025-10-04 11:30, QS · QS-DEMO-A, operator-81023fd5, 7, QuantStudio 3 and 5 Software 1.6.1, 44948, 89.15874768901472, 2.6641155211489256, 1.025038355625982, 0.9921586009270829, 5.35449287707353, 2.3917944355741474, 2.785252213108896, 2.800959853403084, 12.006695473077457, 12.330791879135456, 0.5876812309132049, 80.99326509271425, 0.4349941494164362, 105.33271497890406, 41.47653692485364, 663.9165327831845, 300.0028302427782, 301.7462187141277, 401.1024332720589, 408.01816124523464, 296.4070151065346, 296.8813435448595, 455.72911853392816, 315.98101896914835, 0, 320, 0, 0, 465.0067560215503, 36.21379569564262, 637.3444099465391, 9.96128555182363, 5.282045449106884, 18.912912507813807, 34.40680130838922, 267.8451204265431, 0.5610552470040531, 7560.6328251462, 8.463381518970552, 0, 147.92136480711346, 10088.375868764639, 16, 7680, 2563.1115232276807, 35.23880917608336, 1.1479200123220565, 1, 66, 0, 10, 0, 10, 0, 66, 0, 66, 0.08880323802527286, 0.10384370866339669, 175309.37771117306, 6.680258437041514, 0, 70, 0, 2
DEMO_QSA_HIST_0071, 2025-10-24 14:30, QS · QS-DEMO-A, operator-81023fd5, 7, QuantStudio 3 and 5 Software 1.6.1, 45417, 90.35841725203133, 3.465187415509412, 1.0118171651176793, 0.9933528784526029, 5.266900514709422, 2.435236645953109, 2.8249653153981185, 2.832310158786185, 12.40140320505118, 12.171799585045864, 0.5912118986827246, 79.64689428572454, 0.41032544099803203, 106.78693259024055, 41.25792044886341, 650.4066118695453, 295.4587169666936, 295.74827440369023, 403.3679195597797, 403.85439684782875, 298.0903368198241, 300.2853556666628, 443.9684064686256, 311.7433477445085, 0, 320, 0, 0, 472.91366525981056, 36.470945101029976, 639.2438900942275, 10.057035057892094, 5.132016390909193, 17.82404578758833, 33.159990870801465, 271.41229720821997, 0.5453679806705387, 7495.859042269643, 8.563367306648946, 0, 147.23113194947643, 10098.72677341228, 18, 7680, 2602.8233335658515, 35.15249182200001, 1.1645617063695184, 0, 66, 0, 10, 0, 10, 0, 66, 0, 66, 0.1418075373541371, 0.07860379656601615, 174446.09653275384, 6.653848905613817, 0, 70, 1, 1
DEMO_QSA_HIST_0072, 2025-11-19 13:30, QS · QS-DEMO-A, operator-81023fd5, 7, QuantStudio 3 and 5 Software 1.6.1, 46022, 88.76476681059624, 3.437060661581817, 0.996706099793576, 1.0088723286819743, 5.424450755043472, 2.3572791851247685, 2.8021976556428774, 2.878672638036959, 12.260476102278608, 12.086846306067079, 0.5940159155456107, 81.5318094632594, 0.43739807021993354, 105.14984010744612, 41.85935595729115, 669.920350874973, 299.1705924246295, 299.6596975223731, 392.3366685723333, 405.1424042191126, 297.11506180258874, 299.186959797735, 447.89287996840716, 311.5611931000648, 1, 320, 0, 0, 471.45507041514446, 36.48901281122355, 639.103460780803, 10.017480721837105, 5.3277520350833525, 18.63468400334904, 33.99573835529535, 271.45123352258537, 0.554205108325056, 7845.70045750437, 8.532687429530903, 0, 145.9971404877716, 10026.976156186724, 13, 7680, 2644.585468361626, 35.52557788720526, 1.1435520523161584, 0, 66, 0, 10, 0, 10, 0, 66, 1, 66, 0.1136745111937045, 0.07996134687730766, 174748.97970239128, 6.864015862045928, 0, 70, 0, 1
DEMO_QSA_HIST_0073, 2025-12-10 11:30, QS · QS-DEMO-A, operator-81023fd5, 7, QuantStudio 3 and 5 Software 1.6.1, 46508, 90.20903742714327, 3.34396890093944, 0.99892392936881, 1.0238606151730518, 5.348591464117738, 2.344216319883801, 2.826886274476899, 2.8729588628250404, 12.224674000142274, 12.287171755630533, 0.5958797045716427, 80.83795286636966, 0.4360012604644942, 105.20250182395401, 42.17389355194674, 664.95167963227, 298.57802199855814, 300.0574726602556, 400.7259643147802, 394.79902871581345, 296.3062686359918, 292.4529121008955, 456.1663675160526, 315.06485799449285, 0, 320, 0, 0, 462.80837189845323, 36.951716827970394, 638.461283584574, 10.019330108374975, 5.391970421572351, 21.87957361643599, 34.310699663520545, 268.03033084556574, 0.5450852544951791, 7690.155922435011, 8.46495512804036, 0, 147.6713135782079, 9992.790890547472, 17, 7680, 2577.1693216664457, 35.369465647558194, 1.1506569151478099, 0, 66, 0, 10, 0, 10, 0, 66, 0, 66, 0.11418650242710046, 0.07954016808731207, 179420.54530114064, 6.751576121935723, 0, 70, 0, 2
DEMO_QSA_HIST_0074, 2025-12-14 14:30, QS · QS-DEMO-A, operator-538c64e4, 7, QuantStudio 3 and 5 Software 1.6.1, 46604, 90.91522065343175, 3.1755396677401952, 0.9988471423182916, 1.0158955147730362, 5.210419445527002, 2.3723436454202487, 2.8207930262456933, 2.8351482972649404, 12.078401483665315, 12.351458192907394, 0.5937856161967583, 82.32894591027961, 0.4306589366627209, 105.2224704792365, 41.72424988058313, 659.939230649436, 296.22999114499254, 295.59130116532606, 396.294300411482, 403.6356895342171, 299.57274799037975, 299.1516729113107, 452.0643008350798, 316.5700982667944, 0, 320, 0, 0, 463.8916339095054, 36.48454254407437, 640.5941427238054, 10.067761150329211, 5.179992502347794, 19.84358957334602, 33.942335431501434, 270.480255156895, 0.5546174894430783, 7834.678798317078, 8.512885988508028, 1, 146.40878822827415, 9918.177953456021, 10, 7680, 2606.848552373699, 35.30677523239253, 1.1565307346589826, 0, 66, 0, 10, 0, 10, 0, 66, 0, 66, 0.09923323487770824, 0.10603810300414225, 175105.5993658955, 6.862326114162855, 0, 70, 0, 1
DEMO_QSA_HIST_0075, 2025-12-20 16:30, QS · QS-DEMO-A, operator-538c64e4, 7, QuantStudio 3 and 5 Software 1.6.1, 46746, 89.15854882818483, 3.1373202782567122, 0.9835568621724335, 1.012676082548586, 5.257652155943615, 2.424676244422494, 2.782024281710725, 2.821881661494694, 12.050795240291333, 12.005245651917376, 0.5949017302219076, 81.37028903464385, 0.4508689709685959, 106.16342500616764, 41.213113834775854, 658.5502575615172, 297.60103993937986, 303.6557187891754, 398.486190448374, 400.46729898020385, 297.9290170741757, 300.6553943208637, 447.3369216312441, 313.15346385075725, 0, 320, 0, 0, 464.3940807533782, 36.73476848019031, 640.6204916779918, 9.99076674581392, 5.401488491343468, 17.60808409972642, 33.79567463047248, 271.86997525213997, 0.5564361781901973, 7571.786419990062, 8.418634339858293, 5, 144.59595644099178, 9988.486085651322, 9, 7680, 2582.3326818943005, 35.27497447797433, 1.1463380878895821, 1, 66, 0, 10, 0, 10, 0, 66, 0, 66, 0.12672280932642038, 0.08010043294954158, 174656.41599580547, 6.845863257418991, 0, 70, 0, 0
DEMO_QSA_HIST_0076, 2025-12-24 15:30, QS · QS-DEMO-A, operator-538c64e4, 7, QuantStudio 3 and 5 Software 1.6.1, 46838, 89.25205515690266, 3.3293835239120124, 1.0023884188174224, 1.0112502176537586, 5.320800663339703, 2.3424688752490903, 2.8304091013527013, 2.8197230069838994, 12.239582966386402, 12.241547875175518, 0.5930968234611663, 79.85444891380334, 0.4330998173217836, 103.93289773448443, 41.81117211003965, 666.1636874088795, 299.0152585661592, 295.7141954114875, 404.4314592066908, 399.9397551774085, 296.9232011740549, 304.29861970829927, 450.863305804103, 314.95302860716595, 1, 320, 0, 0, 469.3403791169731, 36.952105010438004, 646.5048920584893, 10.037090521957216, 5.309894187182347, 20.485154592104593, 33.85605849137236, 273.3914277911032, 0.5545248788295184, 7878.327592777252, 8.572024010004313, 0, 146.1752041904931, 9929.138463310654, 15, 7680, 2582.8001188606427, 36.11054191300756, 1.1414825917494473, 0, 66, 0, 10, 0, 10, 0, 66, 0, 66, 0.1127014686584352, 0.07865579922743163, 176807.48837199947, 6.801838595866511, 0, 70, 1, 1
DEMO_QSA_HIST_0077, 2025-12-25 14:30, QS · QS-DEMO-A, operator-81023fd5, 7, QuantStudio 3 and 5 Software 1.6.1, 46860, 89.09598205781894, 3.5764454690816616, 0.9936967758979989, 0.9804556322407786, 5.31117753943954, 2.4060664210304497, 2.7722878857069353, 2.811343903796979, 11.987271289174453, 12.136067363597972, 0.5970401923116846, 80.52754099256293, 0.4432927022593813, 105.30716160723439, 41.35112895406526, 661.0678428521845, 295.51933412301946, 305.47487175104783, 397.37996250937704, 397.6829087336144, 300.0052767962312, 298.87506698958856, 450.0866753949819, 314.1597158577314, 0, 320, 0, 0, 473.32772750718146, 36.12730955390732, 643.4992323939331, 10.008372230068062, 5.281088266550894, 20.397140934088593, 34.250923205574345, 272.7546123493172, 0.5527778220751427, 7573.136617360249, 8.495039971470414, 0, 147.01104564192067, 9866.288115097252, 18, 7680, 2568.098833260121, 34.79338473287905, 1.1442125131751748, 1, 66, 0, 10, 0, 10, 0, 66, 0, 66, 0.12005155436343067, 0.09913943343363445, 174655.3097984955, 6.6869674182641905, 0, 70, 0, 0
DEMO_QSA_HIST_0078, 2025-12-31 10:30, QS · QS-DEMO-A, operator-538c64e4, 7, QuantStudio 3 and 5 Software 1.6.1, 46996, 90.7642814848834, 3.1710454730289577, 1.0034325737803451, 0.991626681522275, 5.342506098914504, 2.36542346679893, 2.822643514613081, 2.832614805793915, 12.197798192553801, 12.154515717082461, 0.5966517631934121, 81.19444764802519, 0.4578562804243858, 106.1638351343683, 41.44641216801212, 658.7283033941883, 302.7654633445227, 300.27879399120116, 397.53699204941114, 401.6870349352491, 297.08698275660635, 302.9021913581624, 447.3292936122993, 310.3649583393478, 0, 320, 0, 0, 459.8693916569601, 35.61705133881025, 637.7432858693977, 10.067192338443945, 5.289460587952638, 16.59330645381078, 33.45421620063032, 267.4534783651281, 0.5557222564125132, 7609.230149422499, 8.691436863508763, 0, 147.45947859239712, 9920.177089547293, 15, 7680, 2602.65227951167, 35.55725381924342, 1.1507606837622864, 0, 66, 0, 10, 0, 10, 0, 66, 0, 66, 0.09767188956278285, 0.1054310613246939, 174894.29238277936, 6.811595747640181, 0, 70, 0, 1
DEMO_QSA_HIST_0079, 2026-01-02 16:30, QS · QS-DEMO-A, operator-96fc0cae, 7, QuantStudio 3 and 5 Software 1.6.1, 47048, 90.87752816272958, 3.2052843281866568, 1.0067652583931923, 0.9913044397892002, 5.263961879895227, 2.3433770503612577, 2.85971700005469, 2.80085602703058, 11.997743078562, 12.188037171592384, 0.59632627099473, 81.4829503043276, 0.4524976924177908, 106.15398987200439, 41.463542851989544, 651.6393602837757, 299.0471613624347, 298.48799307263477, 393.50135293281, 398.8733221843531, 299.45320089854494, 296.479772980832, 454.9461102549486, 313.44647197797235, 0, 320, 0, 0, 465.36747702142145, 36.782601441846644, 640.4829209733242, 10.079072485842238, 5.219224773121259, 19.953043355792097, 34.52546013490555, 271.06165032627723, 0.5586849956565032, 7625.866308639414, 8.492649217801462, 1, 146.95796283904107, 10051.746655433135, 12, 7680, 2576.1675250108383, 35.744863503043895, 1.1506223257182644, 0, 66, 0, 10, 0, 10, 0, 66, 0, 66, 0.09848602950675671, 0.10520490463823298, 173729.7910677984, 6.7495615055675335, 0, 70, 0, 0
DEMO_QSA_HIST_0080, 2026-01-05 11:30, QS · QS-DEMO-A, operator-538c64e4, 7, QuantStudio 3 and 5 Software 1.6.1, 47113, 90.62922634588644, 3.288914343842257, 0.9984898289490373, 1.0132068589425678, 5.331966760702158, 2.4050625684623728, 2.8500280905670703, 2.8438863219216732, 12.163539807221577, 12.335385848189299, 0.5986999904324714, 81.28745444961844, 0.42283177625707874, 104.73614835778803, 41.705920788318714, 665.5130625527958, 305.3901441143824, 300.721801917949, 404.62730265102545, 396.96693210842477, 299.3061023829879, 300.6978475290043, 450.51851313256714, 313.9100804823849, 1, 320, 0, 0, 456.03718625828816, 32.31302409430974, 649.6672828855498, 10.03736506128163, 5.325273524130187, 20.62589483742779, 34.40887105394505, 264.38777434295304, 0.5430762429954895, 7658.8994368513495, 8.566637265488554, 1, 145.7847920169295, 10040.717515429526, 22, 7680, 2645.2185044472853, 35.48239098571581, 1.1395879956795592, 0, 66, 0, 10, 0, 10, 0, 66, 1, 66, 0.10233847793839723, 0.09203814701059604, 174498.34773217814, 6.811445545574088, 0, 70, 0, 0
DEMO_QSA_HIST_0081, 2026-01-20 14:30, QS · QS-DEMO-A, operator-81023fd5, 7, QuantStudio 3 and 5 Software 1.6.1, 47465, 88.32454902026784, 2.9456242551616314, 1.0259491701964998, 0.9907090929870173, 5.402371976563762, 2.4122433835675676, 2.8086685689902864, 2.830407661886773, 12.275479889639668, 12.222251293054562, 0.598434464130487, 80.89516479386313, 0.4169199182090483, 108.83931481860706, 42.4328684755158, 653.4796229604409, 301.42358023186176, 304.2493400492245, 405.24486032049947, 399.2220041128887, 301.26073906226776, 298.4860966218825, 448.38699399131696, 315.54557804633663, 1, 320, 0, 0, 465.15633516303774, 35.452110993278374, 635.3129255825447, 10.14418706610477, 5.344698295752149, 21.216590522120473, 33.86558324002153, 270.33459629466506, 0.5541140801233029, 7463.666142896725, 8.602993466448934, 0, 145.36670540351867, 9792.93731542622, 21, 7680, 2603.82425234726, 35.565204595740674, 1.1533596653405715, 0, 66, 0, 10, 0, 10, 0, 66, 0, 66, 0.12913374289940235, 0.08510196089370518, 175158.62070060935, 6.853085273738963, 0, 70, 0, 1
DEMO_QSA_HIST_0082, 2026-01-21 14:30, QS · QS-DEMO-A, operator-538c64e4, 7, QuantStudio 3 and 5 Software 1.6.1, 47489, 89.31566257325805, 3.487565420987203, 0.9997707904348561, 1.0016536536855238, 5.3444229521065125, 2.3967750270793995, 2.79219324541698, 2.8479988361264534, 12.203319931078301, 12.204114356427448, 0.5965943132779838, 81.29286109123342, 0.4154811583722627, 105.11124134760212, 42.53162323213934, 664.5765441921877, 298.5740603642476, 304.08187632139766, 400.93691793017047, 400.68793460305557, 301.1804126485179, 298.7594501494595, 452.0965417822167, 311.99948240035087, 3, 320, 0, 0, 466.3231869759233, 38.63031057144025, 637.2091594425752, 10.001914133531992, 5.319065321387773, 20.213560735613353, 34.00919972388975, 269.60408720650247, 0.5564392996297259, 7746.383870315571, 8.577461972312708, 0, 146.30183367688855, 9958.103506181917, 13, 7680, 2588.060605392276, 35.742331448826775, 1.1481138297868447, 3, 66, 0, 10, 0, 10, 0, 66, 0, 66, 0.0992747914882499, 0.11689905002919201, 175173.48102376616, 6.710988208638847, 0, 70, 0, 1
DEMO_QSA_HIST_0083, 2026-01-23 12:30, QS · QS-DEMO-A, operator-538c64e4, 7, QuantStudio 3 and 5 Software 1.6.1, 47533, 89.72684334791492, 3.0992351839509, 0.9952716723043817, 0.9869352777709255, 5.159177471830838, 2.434651622387699, 2.8440434336379448, 2.8429897599091563, 11.957181108293172, 12.279270565803575, 0.5971030711886497, 80.38384863741494, 0.4474153822038225, 105.74719835084417, 41.97695160899178, 657.56282040611, 296.04880750325117, 299.47760224763255, 400.68214082573263, 403.01860037171195, 297.97536849699713, 304.3235996982326, 450.0845956875484, 312.03711253335734, 2, 320, 0, 0, 463.1582471573438, 36.841435980248455, 644.3923792389602, 10.108336737284231, 5.411428331266996, 18.127787261189678, 34.119230812903965, 269.0310969164898, 0.5618913179850181, 7663.094394833928, 8.729647064404602, 5, 144.80830525434135, 9879.208941124558, 16, 7680, 2572.859983738109, 35.31151619277982, 1.1503062590097333, 0, 66, 0, 10, 0, 10, 0, 66, 0, 66, 0.1267258619519919, 0.08134460453389264, 175510.83506076236, 6.86887410564129, 0, 70, 0, 1
DEMO_QSA_HIST_0084, 2026-02-01 10:30, QS · QS-DEMO-A, operator-81023fd5, 7, QuantStudio 3 and 5 Software 1.6.1, 47741, 89.54394814686559, 3.326408911526608, 0.9967888199492961, 1.0007324118646792, 5.245904190627976, 2.345456150033656, 2.787573684185363, 2.8418713847328636, 12.074010360546104, 12.272111678209955, 0.5970633244544622, 80.40702523496849, 0.4604879638801249, 105.255332252629, 41.552502745984974, 653.5203756300795, 296.16455159565686, 299.7542091191194, 395.5390339350251, 398.2522606163512, 295.8846560236517, 298.0221920569023, 449.1775686477443, 316.8376322080682, 1, 320, 0, 0, 460.13141929382465, 33.92673464860999, 637.8477495354482, 10.099134959437091, 5.337899236835153, 16.81163129612261, 33.73111464595345, 271.37301688709766, 0.5518593791725784, 7628.509448101695, 8.58485239686425, 0, 147.3394442782901, 9960.469705745825, 17, 7680, 2555.5404894520902, 35.61221828517275, 1.147249749002471, 0, 66, 0, 10, 0, 10, 0, 66, 1, 66, 0.10253471341710232, 0.09078254716945879, 174153.20210864994, 6.827724881068603, 0, 70, 1, 1
DEMO_QSA_HIST_0085, 2026-02-04 10:30, QS · QS-DEMO-A, operator-96fc0cae, 7, QuantStudio 3 and 5 Software 1.6.1, 47811, 90.46911635365619, 3.552071719180812, 1.0232183512982802, 1.0112874634917781, 5.476992634248024, 2.429990991680067, 2.762591531841532, 2.868728728650084, 12.084249607230696, 12.145873135240956, 0.5991520148254663, 81.52959603492174, 0.42277401235987233, 104.36043446795313, 41.9101953311305, 661.8184818248011, 298.87418207676507, 300.64847499395455, 412.35233241613116, 398.2432607943336, 300.95887284091395, 298.565543144604, 448.6075306274429, 315.3017624471553, 1, 320, 0, 0, 464.4878363821278, 34.053055341337995, 645.7079733135787, 10.037887006764747, 5.194005553382977, 21.90191218341098, 34.317580483814545, 268.5992585718188, 0.5552109316388449, 7745.798000535699, 8.434112594581343, 1, 148.3873547829436, 10080.812378804534, 20, 7680, 2572.4178680481573, 35.176165716706876, 1.142295552880039, 0, 66, 0, 10, 0, 10, 0, 66, 0, 66, 0.12435861655946476, 0.1355121061202742, 173834.07827065937, 6.908627873205622, 0, 70, 0, 0
DEMO_QSA_HIST_0086, 2026-02-06 10:30, QS · QS-DEMO-A, operator-96fc0cae, 7, QuantStudio 3 and 5 Software 1.6.1, 47857, 89.64838151618738, 3.0947958942345104, 0.9932533088486544, 1.0031386578389965, 5.197087425998178, 2.3838181227317783, 2.802942064536765, 2.882573747780821, 12.078677662913307, 12.311588515747237, 0.5997659097226522, 80.64648621675889, 0.42055660708172693, 104.50770162842014, 42.33723397636985, 658.8976763023621, 300.743851076563, 298.8992232198403, 397.99620364843116, 399.19089683259085, 300.21994375074706, 304.55428179114705, 451.5138277087958, 309.7669726356197, 1, 320, 0, 0, 465.35949282499945, 37.073800279820894, 636.4822411621332, 10.022694620772054, 5.2795815130500925, 21.817959228553725, 34.28436129807421, 268.3513267471616, 0.5512786749278447, 7500.978025967616, 8.529378357723207, 3, 146.32956092356952, 10248.541394443482, 14, 7680, 2578.795246735912, 35.13664248807941, 1.1254733749930548, 0, 66, 0, 10, 0, 10, 1, 66, 0, 66, 0.12670447954246508, 0.08119557155865012, 174110.3490690959, 6.931863084517424, 0, 70, 0, 1
DEMO_QSA_HIST_0087, 2026-03-08 12:30, QS · QS-DEMO-A, operator-538c64e4, 7, QuantStudio 3 and 5 Software 1.6.1, 48557, 88.60639919452673, 2.683633139432956, 1.0121071882280317, 1.0068774393027193, 5.287143853486561, 2.3802982342787957, 2.8056428604219876, 2.8584769325295483, 12.158899508730856, 12.301214454355003, 0.6001158375630489, 81.63976119573998, 0.4374253062379309, 102.57793024887624, 41.71239640201761, 654.2269042594269, 303.56812761321174, 297.2157812651917, 397.31208708195527, 400.5306548931725, 301.2537784655233, 299.92567996001776, 445.9506775873516, 313.2084323454165, 0, 320, 0, 0, 462.738071493626, 35.92641372178626, 648.1245382022976, 10.11953448087597, 5.274552304557231, 21.54295509200673, 33.73116262757981, 271.65789088623234, 0.5534798289854841, 7627.890001923444, 8.664852974481141, 1, 147.15684607012858, 10096.065920836238, 13, 7680, 2531.6176888483815, 35.418530626742545, 1.1382974015257394, 0, 66, 0, 10, 0, 10, 0, 66, 0, 66, 0.09083409085050163, 0.10519299167326432, 174841.4526363282, 6.673987901393059, 0, 70, 1, 1
DEMO_QSA_HIST_0088, 2026-03-11 12:30, QS · QS-DEMO-A, operator-538c64e4, 7, QuantStudio 3 and 5 Software 1.6.1, 48627, 90.7270890417881, 3.5724364552260455, 1.0090934308598565, 1.0005591056009056, 5.296466579246249, 2.3735578456614603, 2.8273166850716835, 2.8610439435342276, 11.88022833305614, 11.93969217904152, 0.6036455523685653, 80.82930815387991, 0.4181027855992849, 106.01028144133394, 41.99756319189696, 660.5341660221042, 305.00762761313285, 307.87534925633184, 391.92764927470455, 397.4158024135603, 304.3719658974033, 299.6091736205019, 451.42548207261217, 315.8901366522771, 0, 320, 0, 0, 473.20462481285404, 35.702227310863016, 639.0807474827895, 10.062052693200966, 5.360255530909793, 22.98563502114775, 33.793602744471215, 266.6305281896864, 0.5464542615923, 7427.053572538909, 8.513655057917239, 0, 146.05922132462777, 10149.142564021819, 15, 7680, 2566.6446620857746, 35.1020341741572, 1.142178754444689, 1, 66, 1, 10, 0, 10, 0, 66, 1, 66, 0.12269483510704181, 0.09943388194149208, 175152.31164688792, 6.76127198850942, 0, 70, 0, 3
DEMO_QSA_HIST_0089, 2026-03-17 16:30, QS · QS-DEMO-A, operator-81023fd5, 7, QuantStudio 3 and 5 Software 1.6.1, 48771, 90.23139173428011, 3.3593852358423026, 0.9978948649021481, 0.9985954233261082, 5.403225945922953, 2.382211567123641, 2.824802991387284, 2.8101092522055766, 11.962028767621327, 12.104274953736702, 0.6030068247108993, 81.42494896738046, 0.4315520605732934, 105.05134029193957, 41.53167279001806, 652.3541037204452, 298.9810885410858, 301.53636298693954, 395.1823869757183, 404.78663803509704, 303.47064509127244, 302.1703829171932, 450.66156348803617, 312.6154517617877, 1, 320, 0, 0, 470.7680813718039, 36.106872032492724, 639.4075655451799, 10.056300398582865, 5.293641614258303, 20.806553723569763, 34.631764427405045, 268.22723980298724, 0.5580251397181302, 7687.669210028082, 8.428002900897667, 0, 143.7233406690797, 10064.351141376934, 20, 7680, 2598.8226283961108, 35.28761283602996, 1.1610909081263796, 0, 66, 0, 10, 0, 10, 0, 66, 1, 66, 0.11731947299275311, 0.07952384967216125, 175639.98052411154, 6.76467750317049, 0, 70, 0, 1
DEMO_QSA_HIST_0090, 2026-03-17 10:30, QS · QS-DEMO-A, operator-538c64e4, 7, QuantStudio 3 and 5 Software 1.6.1, 48765, 89.8756459205226, 3.5602999077780626, 0.9878942967017277, 0.9954893786991768, 5.382752012043216, 2.3857857123872908, 2.833120317690268, 2.8119919962440107, 12.074750507572727, 12.169488455002758, 0.6000901937092903, 80.79105665427733, 0.4188413908078885, 106.04143670207121, 41.543122417844415, 666.2556527633797, 303.78932355914725, 302.29258579782635, 399.4764335563755, 402.8594644537255, 295.40834765518593, 296.9861264025389, 454.7454557483264, 316.27576391806053, 1, 320, 0, 0, 464.5047237392723, 37.53932622866296, 652.1131135629955, 10.096293257546234, 5.382863928793275, 20.508730928086518, 33.78351220699047, 272.0088005477069, 0.5538454084745527, 7603.238535964516, 8.49880946023666, 0, 144.2808941890061, 9972.695503386192, 14, 7680, 2588.3653438629813, 35.56049246664777, 1.1472929438417092, 1, 66, 0, 10, 0, 10, 0, 66, 0, 66, 0.09922907772215286, 0.11441622664756004, 174427.9124477394, 6.73546068543822, 0, 70, 0, 1
