experiment, date, instrument, operator, firmware, software, block_cycles, run_minutes, edit_delay, bg_median.x4-m4, bg_median.x1-m1, bg_median.x2-m2, bg_median.x3-m3, plateau_median.x4-m4, plateau_median.x1-m1, plateau_median.x2-m2, plateau_median.x3-m3, heat_rate, cool_rate, transition.60→95 °C, transition.95→60 °C, led_current, led_junction, zone_spread, cover_temp, heatsink_max, exposure.x5-m5, exposure.x3-m3, exposure.x2-m3, exposure.x3-m4, exposure.x4-m4, exposure.x2-m2, exposure.x1-m2, exposure.x1-m1, wheel_ms, wheel_slow.bad, wheel_slow.n, encoder.emission, encoder.excitation, cam_overhead.mean, cam_overhead.sd, cam_overhead.n, cover_down, cover_up, cmd_rt, tick_late, catch_up.count, catch_up.exposure, img_proc, runtime_err, log_errors.count, cycle_sd, handoff_min, saturation.bad, saturation.n, calib_uniformity, calib_roi, calib_background, ct_mismatch.bad, ct_mismatch.n, action_rate.bad, action_rate.n, late_rate.bad, late_rate.n, low_conf.bad, low_conf.n, rep_sd, rowcol, rox_level, rox_cv, manual_rate.bad, manual_rate.n, copied.count, findings.count
DEMO_QSB_HIST_0001, 2025-06-06 11:30, QS · QS-DEMO-B, operator-96fc0cae, 7, QuantStudio 3 and 5 Software 1.0.0, 1853.6378978656576, 89.43908836666935, -2.032873779936237, 1.011872843659038, 1.0023425896170621, 0.9889382538205327, 1.012611897040692, 3.686423266250224, 18.954834557973946, 5.742160121481865, 5.78300946099541, 3.266804750797157, 3.4462555882102883, 10.425726506316924, 10.277286695235281, 0.5510087543016186, 75.76582450479663, 0.6033822047934253, 106.18865719647897, 39.93645589350162, 660.3830443151948, 301.9886989563779, 301.71710150046914, 403.34459443971167, 404.88797993568915, 301.175935996814, 297.22585801636893, 449.4989770870737, 301.74407545078014, 0, 320, 0, 0, 460.7017279744923, 35.25064500340439, 636.9923305009522, 10.340273147774385, 5.3465487464611225, 164.41941781447323, 5.490798953258891, 70.48395572253557, 0.5521971138706125, 4917.773286004845, 8.316406164011392, 0, 89.0979585909289, 4056.0961307825605, 48, 7680, 1.1672633350230681, 35.41956744156104, 2592.060351386617, 0, 384, 0, 4, 0, 4, 0, 384, 0.13923568964087782, 0.05216303184380275, 154512.1640169609, 8.630619399511264, 0, 392, 1, 3
DEMO_QSB_HIST_0002, 2025-06-19 14:30, QS · QS-DEMO-B, operator-538c64e4, 7, QuantStudio 3 and 5 Software 1.0.0, 1801.908452804692, 89.24005668438942, -2.0190972371689657, 1.0183364844347975, 0.9956046673490808, 1.0016387921556587, 1.007523077461909, 3.696431676336092, 19.31686586318787, 5.691316908931903, 5.828680586488403, 3.289574726225188, 3.3403753649800096, 10.50416452022329, 10.23712784866243, 0.5514799186620157, 76.66596577441483, 0.5866105628773839, 104.03918488677519, 39.725609934301126, 659.9269557213485, 299.9473844158264, 301.19976347743307, 400.65057713801383, 397.4545033599672, 306.2749796993754, 300.73207287625263, 446.71007935896154, 315.1099172847319, 3, 320, 0, 0, 467.89085440405546, 37.78649128008874, 629.4204169474145, 10.207229201448861, 5.340668600681955, 171.80718880088023, 5.46620941835401, 71.2127576941722, 0.5374459425633467, 4976.247159573405, 8.070391403773412, 0, 89.69199435922825, 4156.704667305562, 46, 7680, 1.1698812944654648, 35.61874600545729, 2579.5789390098867, 0, 384, 0, 4, 0, 4, 0, 384, 0.13282469967196148, 0.04224837850245911, 153763.3623514445, 8.709600974536862, 1, 392, 0, 0
DEMO_QSB_HIST_0003, 2025-06-22 17:30, QS · QS-DEMO-B, operator-81023fd5, 7, QuantStudio 3 and 5 Software 1.0.0, 1860.8171935817302, 90.39863644330653, -1.9953965035491008, 0.9962634664405773, 0.9939783214756303, 1.0117282196154913, 1.0113864044166945, 3.6590408192919397, 18.955739571686234, 5.671774891927063, 5.771842318026099, 3.270548599366702, 3.3237242052827014, 10.457939290325896, 10.335890215962003, 0.550222145504754, 75.86273134622971, 0.5926238275676726, 102.91381924275451, 40.29338703022377, 659.3312566787018, 298.0338811744103, 299.57686088249204, 395.18583102951914, 399.6628315539478, 297.1923322856468, 295.7582634647325, 449.75783321018935, 305.8566804971917, 0, 320, 0, 0, 470.7404438935605, 34.253122535169005, 643.0319914312587, 10.304400249186015, 5.428359903138994, 166.3931943217328, 5.546426656427697, 70.64767922670163, 0.564594378652759, 4949.418650274073, 8.100819085826616, 0, 88.53224915441507, 4058.5619954267327, 42, 7680, 1.1870426114863697, 35.378303229734954, 2615.8174321764136, 2, 384, 0, 4, 0, 4, 0, 384, 0.13911652131516067, 0.05284391886697664, 153191.84764852322, 8.544835137860977, 1, 392, 0, 4
DEMO_QSB_HIST_0004, 2025-06-28 16:30, QS · QS-DEMO-B, operator-81023fd5, 7, QuantStudio 3 and 5 Software 1.0.0, 1791.981480218073, 89.7675660743839, -1.993852152302093, 1.002880414695645, 0.9800924420006119, 1.0109985931973624, 1.0016898381245407, 3.7020943055713844, 19.075846572173358, 5.6770873803666815, 5.842870610628132, 3.308879642904178, 3.333594799753984, 10.468996006066178, 10.410108118782261, 0.5484975124538468, 77.01226835015018, 0.5933451394283943, 103.74203576963203, 39.929887068435306, 663.3242102819773, 302.1273854526655, 300.04196475171625, 393.0960681884889, 400.3534847696124, 297.66829116272976, 300.66722638731653, 443.68875166727014, 306.58574183396985, 0, 320, 0, 0, 465.3558008050354, 35.05854877167045, 639.0786642175826, 10.309960803654189, 5.469636082529119, 178.77042111287568, 5.514594802200245, 71.26203617081572, 0.5488784993664433, 4976.314625984716, 8.24753290880861, 1, 87.94797220688196, 4070.533163408372, 53, 7680, 1.1566432335899417, 35.39862820751832, 2601.681616083355, 1, 384, 0, 4, 0, 4, 0, 384, 0.1435567300193532, 0.07019590808392813, 153386.63231876894, 8.503339774334382, 2, 392, 0, 2
DEMO_QSB_HIST_0005, 2025-07-21 13:30, QS · QS-DEMO-B, operator-96fc0cae, 7, QuantStudio 3 and 5 Software 1.0.0, 1741.0435539496632, 90.47846824623613, -2.039529729507999, 1.0230936147151306, 0.9975563402117605, 1.0132280419704927, 0.987370785690901, 3.6911842169509956, 19.01246263781624, 5.8285275003805825, 5.9738644466579744, 3.31346517406176, 3.366513324139135, 10.518225077046003, 10.27042052807981, 0.5496435562214677, 76.44492262767383, 0.6035455333888903, 105.42269742225668, 40.016998451363236, 654.231172368399, 296.30264084668573, 298.3249617641637, 403.3510070232299, 403.6572045330268, 301.78843274326977, 303.61915820271145, 452.76390271178633, 304.60189342456187, 1, 320, 0, 0, 471.7378518468709, 36.05255494657282, 647.1024445055799, 10.274196534997012, 5.360181248831304, 189.49327142014033, 5.458294126689972, 71.36012857070435, 0.5469568270785067, 4935.254664974632, 8.25136517448703, 1, 87.86826192636978, 4043.016238780291, 65, 7680, 1.196529013949121, 35.81730613626921, 2615.2229890821213, 0, 384, 0, 4, 0, 4, 2, 384, 0.1353371139236493, 0.05526242962939997, 151171.2982862762, 8.606568256691252, 2, 392, 0, 3
DEMO_QSB_HIST_0006, 2025-08-13 15:30, QS · QS-DEMO-B, operator-81023fd5, 7, QuantStudio 3 and 5 Software 1.0.0, 1748.2388620115717, 89.34977131784282, -1.9909751876880826, 0.992137278286836, 1.0186335896945993, 1.0158006315163144, 0.9926468549928646, 3.7537309340824807, 19.631597829645898, 5.7556695104280005, 5.74597835554011, 3.3114460290053302, 3.25147975856053, 10.31388029884913, 10.419702198944872, 0.5514344922273154, 76.57665406397408, 0.5871313092765247, 105.97740524455882, 39.895341086198165, 656.4368333562385, 297.34400497304125, 302.8607376225524, 390.801708710424, 394.9311766516793, 298.51403783931215, 301.33659466946506, 447.7828985554725, 309.16029182869636, 3, 320, 0, 0, 467.1462498965683, 36.25012489731507, 644.34852488589, 10.28821804205862, 5.410330464347424, 187.67655495835135, 5.536469790718457, 71.15692416284931, 0.5584592355723307, 4887.658810064323, 8.282536555817941, 1, 87.41068047847315, 4067.1370621985684, 47, 7680, 1.1790370589090677, 34.98198134343292, 2643.4513469459393, 0, 384, 0, 4, 0, 4, 0, 384, 0.13324101827394477, 0.055576552610927664, 151036.634828622, 8.547182049578149, 0, 392, 0, 1
DEMO_QSB_HIST_0007, 2025-08-20 12:30, QS · QS-DEMO-B, operator-96fc0cae, 7, QuantStudio 3 and 5 Software 1.0.0, 1900.9379232933657, 90.6729001491177, -1.9951121979420743, 0.9874097896896028, 1.0086264825740008, 1.0042400371310185, 1.0080455878388055, 3.7169561249107947, 18.896828736704812, 5.782410760302139, 5.82161795253683, 3.33395994057637, 3.3085575403047156, 10.441932940190771, 10.233273658299266, 0.544887225531776, 75.14382578533892, 0.6000958199977791, 106.04733064983843, 40.065460204860415, 654.0635087580617, 300.34997923997855, 303.2095001235508, 404.3083751076368, 405.6470711821253, 297.83494979067325, 296.6297452116026, 454.6724654394402, 304.92216029365767, 2, 320, 0, 0, 475.4382274510224, 35.14217617147317, 641.3495921263551, 10.323518877294758, 5.297088215452006, 167.4073947740715, 5.5179268853482775, 68.89290614386458, 0.5528855779160288, 4897.545767848879, 8.129976313305505, 0, 88.57446976301244, 4093.5510865295055, 34, 7680, 1.1910480984123977, 34.93818413308052, 2626.42356463135, 0, 384, 0, 4, 0, 4, 0, 384, 0.1394163031482083, 0.05180315875279213, 150820.60160634795, 8.53685380407693, 0, 392, 0, 1
DEMO_QSB_HIST_0008, 2025-08-24 17:30, QS · QS-DEMO-B, operator-538c64e4, 7, QuantStudio 3 and 5 Software 1.0.0, 1707.966412242367, 89.3098367670143, -1.9942387086940305, 0.98864509567874, 0.9851396125173617, 0.9944226716895151, 1.0129387658559936, 3.816438341632878, 18.86556757573727, 5.647526267047247, 5.772716129586936, 3.3403564576065845, 3.340806835354631, 10.3654604601244, 10.07085153893524, 0.5504431059321929, 77.18239232534114, 0.599263032945403, 104.89017716159412, 40.32369994574228, 657.93180697283, 292.752900674606, 303.12712687060406, 392.6224728400382, 396.02590170264455, 295.68940685989025, 301.25993251813617, 454.42510385893297, 308.820671566136, 2, 320, 0, 0, 465.5710750808169, 35.777232883765414, 638.189655123238, 10.204264193861398, 5.3946148284702, 173.44495233648428, 5.579174912520928, 72.04322486867943, 0.5494481731838278, 4991.308833640566, 8.216086040275197, 1, 87.54659728962275, 4095.9505774828967, 51, 7680, 1.1670569431217923, 35.3245877437947, 2574.3464612987445, 0, 384, 0, 4, 0, 4, 0, 384, 0.09922663946689154, 0.040075097680073335, 152382.84068988424, 8.5412077642983, 1, 392, 0, 4
DEMO_QSB_HIST_0009, 2025-09-01 17:30, QS · QS-DEMO-B, operator-538c64e4, 7, QuantStudio 3 and 5 Software 1.0.0, 1905.638847181052, 89.21627826641473, -1.9921578211810365, 1.0122319201156031, 0.9814384711218399, 0.9998473230544025, 0.9831037044202836, 3.6691715349824547, 19.19015399045208, 5.676216129408951, 5.814282372072322, 3.2729441850251266, 3.3296583063863707, 10.271029467662371, 10.377913177648598, 0.5504768271015473, 77.58029974890076, 0.5907216587193651, 108.31500809833719, 40.0606328193394, 655.4621997725181, 302.6186889526375, 299.90658667283486, 400.08898131945364, 400.17799453990983, 299.18431228139195, 292.9429105799704, 450.8381973891908, 304.7807009734901, 0, 320, 0, 0, 462.1384538356478, 35.01003284171989, 632.7113488611408, 10.346206104257465, 5.390329221080089, 177.7674978307223, 5.510683565831805, 70.89280414376873, 0.5568525928418627, 5011.997913625932, 8.155543309760473, 1, 87.57540329353414, 4070.60370855913, 39, 7680, 1.180372759524721, 35.28909171097806, 2572.0848534502156, 0, 384, 0, 4, 0, 4, 0, 384, 0.13869308776660746, 0.045402429043724796, 155259.47181797397, 8.545698290618832, 1, 392, 1, 4
DEMO_QSB_HIST_0010, 2025-09-06 15:30, QS · QS-DEMO-B, operator-538c64e4, 7, QuantStudio 3 and 5 Software 1.0.0, 1905.0660305159126, 90.08243313281665, -2.010659969213031, 0.9895709638085838, 1.0032678947698492, 0.9826228105589669, 1.008415438104123, 3.7229499573094467, 19.052834348996424, 5.689080710073425, 5.829819426077981, 3.3745436715933286, 3.3782212798397726, 10.43058543490985, 10.249012184092539, 0.5519494266504671, 75.98234725623047, 0.5887595918643858, 103.98976870828385, 39.457493658533615, 667.7738299961078, 295.04735233707527, 302.4384453048386, 404.69362560332166, 397.537881908995, 305.10586484093415, 298.4280170762741, 453.7051097897064, 302.7426029619592, 2, 320, 0, 0, 468.8023279991954, 35.4221590088765, 639.7996817245421, 10.368103986548705, 5.3645510061724275, 165.8967891662981, 5.542558589225454, 70.0074199527085, 0.5424062529323385, 4913.725379878534, 8.085543823854195, 0, 89.53689740191454, 4026.1550327046875, 30, 7680, 1.1733837824745692, 35.22960559956216, 2601.2345125475636, 0, 384, 0, 4, 0, 4, 0, 384, 0.13878091581869992, 0.05222730409377185, 153665.1941905509, 8.550009364720522, 0, 392, 0, 2
DEMO_QSB_HIST_0011, 2025-09-19 17:30, QS · QS-DEMO-B, operator-96fc0cae, 7, QuantStudio 3 and 5 Software 1.0.0, 1872.0276491614395, 89.07347269148111, -1.99931681508793, 0.9737991523115036, 1.0047432269101797, 1.0049851189326058, 0.9935452230774817, 3.64128105102776, 18.97714452390703, 5.682661539994782, 5.848977237572111, 3.3162513835724914, 3.37069819303157, 10.32067979678191, 10.428558202748789, 0.5484736228660841, 75.40112680304664, 0.5864384095057936, 104.88748669180501, 40.32300037322242, 664.0558311477495, 300.40654792758875, 300.1318121218977, 398.92802618742365, 388.79244417719724, 300.51246341275095, 301.9008330318706, 455.9166314441752, 310.2746853640915, 0, 320, 0, 0, 469.2249457596527, 34.394187447450975, 644.7044943621565, 10.367710747919979, 5.4862091097292645, 163.27669134581186, 5.438829838450741, 70.56897632319165, 0.543955574381124, 4963.274689429066, 8.180249495110647, 0, 88.7520470302538, 4098.019566572859, 30, 7680, 1.1576547897410263, 35.721994074531494, 2594.233177992535, 1, 384, 0, 4, 0, 4, 1, 384, 0.13863101736562025, 0.052339562192937505, 150378.66082192343, 8.59485123175419, 2, 392, 1, 2
DEMO_QSB_HIST_0012, 2025-09-28 13:30, QS · QS-DEMO-B, operator-81023fd5, 7, QuantStudio 3 and 5 Software 1.0.0, 1690.114243157327, 90.59969482203745, -1.9830862630851231, 1.0160901738678234, 0.9927034436192936, 0.9935713044022854, 0.9973656764421772, 3.7851948409099654, 19.35895029929627, 5.596522653752198, 5.7246987854294495, 3.3457341520823114, 3.355798331758681, 10.516711439112509, 10.247287279003016, 0.5466834295396071, 75.73759624744369, 0.5848006672761107, 104.6278769711594, 39.760352882030624, 657.5074436507638, 301.0466679357359, 303.8020752200833, 401.8586953571808, 404.042135539646, 300.24193719383925, 305.07473169909053, 450.2401135667286, 305.55589067976143, 1, 320, 0, 0, 466.6458939113259, 35.871336125729, 639.1406051817303, 10.342206057488154, 5.278818330202632, 174.66659384707856, 5.522800302285821, 70.63455319159942, 0.5612271816573794, 4929.454891901213, 8.090074303591646, 0, 89.5514990381519, 4099.908183300983, 49, 7680, 1.1900800565751042, 35.645936313406004, 2657.5936742839554, 0, 384, 0, 4, 0, 4, 3, 384, 0.09993980274129685, 0.04105610068379898, 151362.8456524082, 8.663211672049508, 0, 392, 1, 3
DEMO_QSB_HIST_0013, 2025-09-28 12:30, QS · QS-DEMO-B, operator-538c64e4, 7, QuantStudio 3 and 5 Software 1.0.0, 1785.5774069849517, 91.95128759260454, -1.9998959568647376, 0.99381109514112, 0.9873337889944812, 0.9814779282238418, 0.9953987289259522, 3.7164790054987176, 19.05259357842884, 5.69677341906058, 5.893586786054346, 3.31497667288274, 3.3155229567221873, 10.47485111366639, 10.221115098471712, 0.5490339412696049, 76.61973930787718, 0.5950370425398605, 104.21453697738899, 39.897265268881846, 655.719362296393, 302.29260205665025, 300.37897467073606, 399.8968098510244, 397.764894337618, 301.1536046125719, 302.3190847991152, 461.97394121212744, 306.26339333838206, 0, 320, 0, 0, 460.17683388481856, 33.95358150462709, 646.3248864683522, 10.26950717671962, 5.381355841662536, 177.99490736684993, 5.599525343963974, 71.12313654329135, 0.5507721303755133, 4938.858763009337, 8.146300277073822, 1, 86.32871827332121, 4133.145093483242, 53, 7680, 1.186431558902023, 35.91457965205425, 2597.869345267127, 1, 384, 0, 4, 0, 4, 1, 384, 0.14125418431105546, 0.07049088253543816, 150318.30947056285, 8.647127562416898, 1, 392, 0, 4
DEMO_QSB_HIST_0014, 2025-09-30 14:30, QS · QS-DEMO-B, operator-81023fd5, 7, QuantStudio 3 and 5 Software 1.0.0, 1742.8456857065894, 90.5707151129392, -2.0163163678887495, 1.0171541220179603, 1.0208572231754323, 0.9954375130215202, 1.0145280486301795, 3.671202217814942, 19.361450524835647, 5.7235317933848835, 5.985053345075727, 3.2300239983927805, 3.3263864778056607, 10.486635487303763, 10.199082602366863, 0.5490473073930034, 75.39647867709225, 0.5925762816073866, 103.9847467092422, 40.001669932684365, 667.7131724864408, 298.556055054912, 297.0630651720056, 393.35174869775534, 395.72128289210684, 298.2986077702144, 300.3330459695345, 446.4929744039143, 306.7560619616829, 0, 320, 0, 0, 467.5093315026311, 35.60809290598959, 633.1547266840155, 10.313533488692451, 5.397020914114083, 187.26291721395256, 5.4963027375915186, 70.32111861913904, 0.5503804747533304, 5020.395184142262, 8.242203849781305, 0, 88.26215191444619, 4071.121341276642, 56, 7680, 1.181608065517311, 35.9832235216172, 2588.4749579452327, 1, 384, 0, 4, 0, 4, 1, 384, 0.13198081677123727, 0.05528179544127549, 151111.11853728248, 8.618117348568603, 2, 392, 1, 2
DEMO_QSB_HIST_0015, 2025-10-24 16:30, QS · QS-DEMO-B, operator-81023fd5, 7, QuantStudio 3 and 5 Software 1.0.0, 1687.5928013458501, 91.08084214240662, -1.9886610551479553, 1.008818417224058, 1.0105063615190537, 1.027059167351262, 0.98412385535675, 3.702428822247514, 19.434262571509667, 5.79102020526297, 5.832405883766993, 3.292616278838838, 3.3396096278141583, 10.512634744112097, 10.203538317977808, 0.5515168766197637, 76.25588921920105, 0.5885229337706437, 104.21063588725205, 40.299484597893425, 660.6285500256471, 306.9586550207053, 301.031692622266, 403.74798434188125, 402.86177306577366, 301.74995393888497, 299.36499165729464, 444.6196116229716, 307.75339337869866, 2, 320, 0, 0, 468.4101406642325, 36.08083302073515, 651.3018210453038, 10.280360953186994, 5.411206740659103, 189.6818723052382, 5.562188265720692, 69.54252679976607, 0.5511461833667274, 4922.5371440051895, 8.108977958914913, 1, 88.0959107944959, 4026.332138817398, 50, 7680, 1.200624469438406, 35.52329350445366, 2625.7190473047076, 0, 384, 0, 4, 0, 4, 0, 384, 0.13550910689060758, 0.055316149286823574, 155176.46824606266, 8.586904034748152, 1, 392, 0, 0
DEMO_QSB_HIST_0016, 2025-10-27 14:30, QS · QS-DEMO-B, operator-81023fd5, 7, QuantStudio 3 and 5 Software 1.0.0, 1797.6476602920482, 88.78208881693233, -2.0107594512841085, 1.0034007028519696, 0.9890793446066027, 0.9853506706849006, 1.0011156870839562, 3.612754193981473, 19.555304689646615, 5.7206966425653745, 5.799365118170286, 3.2787161354193395, 3.3409478133995387, 10.432013200622006, 10.556192050624382, 0.5497261672671988, 75.84272851263985, 0.595397188769032, 102.95743764447938, 40.42566212085701, 656.9455080096957, 300.6060443168035, 301.7312086723808, 401.89732981377153, 403.6246393548759, 302.0356797997815, 299.3889487959383, 448.055165107651, 305.03826235323646, 1, 320, 0, 0, 470.19092808467377, 34.227558739838535, 639.188266787773, 10.22896628277537, 5.368161437377191, 175.49730540296775, 5.443555148625478, 70.00933588736228, 0.5501077027590241, 4933.796178407078, 8.231567329880196, 0, 88.68812731193172, 4071.5860315032655, 40, 7680, 1.1633062874123457, 35.200361327520014, 2593.0337117252698, 0, 384, 0, 4, 1, 4, 0, 384, 0.14487460997653234, 0.07112850780386613, 152976.4936896293, 8.454102384717489, 1, 392, 1, 4
DEMO_QSB_HIST_0017, 2025-11-17 10:30, QS · QS-DEMO-B, operator-538c64e4, 7, QuantStudio 3 and 5 Software 1.0.0, 1902.8593625068074, 89.19093731961127, -1.9676143479311572, 1.001211524477861, 1.0080027816337374, 1.0027369313698205, 1.0119053663373487, 3.7993730995697272, 19.167009539409523, 5.636163585917512, 5.7719336773118926, 3.2881454806728274, 3.3380886327202086, 10.37903714122004, 10.230574885069675, 0.5549360302114063, 75.97383894473697, 0.60671494561713, 106.22618708104363, 40.4158936915202, 655.6736660670707, 302.92725766230893, 298.990720650545, 388.6382624309726, 392.9242866922421, 301.569209305231, 301.699193414581, 449.91529458264694, 308.6239612668216, 0, 320, 0, 0, 467.3365819550048, 35.48563516500336, 646.0864366990868, 10.33035739352855, 5.413474710040612, 164.09334106642814, 5.486671547910017, 71.23852234025102, 0.5446134795711293, 4940.6819271473905, 8.120743491462296, 0, 88.08316282212378, 4091.886202691974, 42, 7680, 1.179991904038307, 35.05204304940246, 2562.4308272906474, 0, 384, 0, 4, 0, 4, 0, 384, 0.13837270227715068, 0.053119716643115863, 150173.97876641212, 8.689808417130092, 1, 392, 1, 2
DEMO_QSB_HIST_0018, 2025-11-26 15:30, QS · QS-DEMO-B, operator-96fc0cae, 7, QuantStudio 3 and 5 Software 1.0.0, 1791.024525294544, 88.18098914926522, -2.0242401748721597, 0.9925812323709229, 1.0006503059451055, 0.9875790886517848, 0.9910678656310984, 3.695602635827488, 19.494769972412172, 5.718375742532666, 5.758762007180682, 3.201264795352369, 3.3555233803954385, 10.430763610438879, 10.099067182438297, 0.5497537268522433, 75.80093034366779, 0.6036281189024043, 103.4770724570567, 39.56747636812797, 667.1605697175775, 295.5907792596026, 300.4428908471106, 403.8209058416947, 398.8172574597007, 300.88741493163786, 298.5431152424679, 457.01796089928183, 303.8701737775994, 0, 320, 0, 0, 473.37219267143666, 34.75923450238345, 651.2189333227216, 10.272549709089684, 5.384329756288196, 177.81243397235534, 5.434724447310398, 71.12826855465075, 0.5432661063241976, 4934.634707131499, 8.225661233473502, 0, 87.36393448480975, 3989.9832718041553, 35, 7680, 1.1869257328117344, 35.17440947148931, 2632.9757021056994, 0, 384, 0, 4, 0, 4, 1, 384, 0.14134476724848558, 0.06981374791963474, 148666.20754457975, 8.313229014087355, 0, 392, 0, 3
DEMO_QSB_HIST_0019, 2025-11-29 15:30, QS · QS-DEMO-B, operator-538c64e4, 7, QuantStudio 3 and 5 Software 1.0.0, 1914.5010026978428, 92.79106728083178, -2.0073393696960777, 0.9896048771765672, 0.9889089861044005, 1.0286590915765923, 1.0075603588306339, 3.6746608999399815, 19.50531612061605, 5.602575204820443, 5.795054467910685, 3.216569110682502, 3.375930398132059, 10.341848295571564, 10.250598984438444, 0.550706660956364, 76.82982340470039, 0.5924464545754822, 106.24480354053385, 38.84746345536616, 672.6805057226082, 300.2659453563403, 294.68791973362954, 402.4404765984266, 399.321683613581, 298.5201345395181, 300.89978618294657, 445.4214503174674, 305.61871542353674, 0, 320, 0, 0, 470.7695656238328, 35.01507430636367, 642.4065375340056, 10.269794695559074, 5.394710130276539, 178.73808443782886, 5.482963065295187, 70.2244286643412, 0.5580906351500778, 4944.726635955262, 8.358363203352216, 0, 88.13013763760122, 4072.4919723339412, 54, 7680, 1.1769847696922713, 35.24653551870967, 2588.2073610452157, 0, 384, 0, 4, 0, 4, 1, 384, 0.1383189320885192, 0.04499421557778311, 151535.9126583275, 8.390311739225533, 1, 392, 0, 3
DEMO_QSB_HIST_0020, 2025-12-02 13:30, QS · QS-DEMO-B, operator-538c64e4, 7, QuantStudio 3 and 5 Software 1.0.0, 1742.271059767471, 87.5851712696641, -1.9835827000864235, 0.9966562607587418, 1.0183445282040438, 1.0135439804648578, 0.9963757258975994, 3.6748162205366053, 19.53259266161152, 5.817482331752749, 5.815386172342307, 3.3167127226784556, 3.3762566496073996, 10.438862691189726, 10.139540592952729, 0.5515841991824725, 76.17418210660698, 0.5901659172487008, 103.58666742794493, 39.72213639481201, 665.5151205252312, 293.53585201534605, 305.69761063886085, 402.721646208454, 400.22616558146257, 301.92604833377726, 308.3229512137191, 450.35757591886335, 307.80541073604473, 0, 320, 0, 0, 469.78377818872775, 36.092269854252464, 635.6445317455101, 10.361759249525972, 5.38131076645291, 187.35553907000642, 5.429718356485297, 71.11966091729057, 0.5609005299475417, 4891.981884239921, 8.245022557781558, 0, 88.44612976349896, 4048.999265724901, 47, 7680, 1.17953304530413, 35.234632438578736, 2693.008756153891, 0, 384, 0, 4, 0, 4, 1, 384, 0.1340451706255575, 0.054606457705944265, 153575.67123365693, 8.541618401597836, 0, 392, 0, 4
DEMO_QSB_HIST_0021, 2025-12-13 15:30, QS · QS-DEMO-B, operator-96fc0cae, 7, QuantStudio 3 and 5 Software 1.0.0, 1826.612497250674, 90.2346801085615, -1.9768637984794653, 0.9877260230065897, 1.0018502059967709, 1.004328978201123, 1.0083935978879497, 3.6779353334867904, 19.37681108569414, 5.724865026827196, 5.824802243910057, 3.267895210043286, 3.343505857081225, 10.471699019760047, 10.136255343145672, 0.5493602368823588, 76.1980487813326, 0.5868943778211458, 105.12205473992245, 40.035283505370906, 658.8097471556177, 303.5262817500428, 296.4755567701684, 398.129189104855, 403.8866278876344, 295.6483360464965, 303.71173138300003, 445.5337006546049, 309.8384273118906, 0, 320, 0, 0, 471.18682182844793, 37.42363059267952, 641.6628743803086, 10.282633013762743, 5.390177644331934, 172.2703831008218, 5.449800210258285, 70.32920474621561, 0.5490770568816585, 4992.937867752433, 8.079023858488377, 0, 88.56680335852118, 4044.100144013598, 36, 7680, 1.1844395521095075, 34.75506012972382, 2617.6973105920806, 1, 384, 1, 4, 0, 4, 0, 384, 0.13865910977516388, 0.04202973776907072, 152069.7004518163, 8.526014903739037, 1, 392, 1, 4
DEMO_QSB_HIST_0022, 2025-12-24 14:30, QS · QS-DEMO-B, operator-81023fd5, 7, QuantStudio 3 and 5 Software 1.0.0, 1877.9208931597354, 90.30802213624816, -1.9785959131057942, 0.9994341089541406, 1.000087914627684, 0.988637674340476, 0.9951771934439602, 3.676376405561515, 19.23517606256504, 5.5726326780064595, 5.752615812009715, 3.3113952453229007, 3.293782943576366, 10.44158754036051, 10.125578803171765, 0.5513334079221586, 75.01164660933698, 0.5961932398836493, 104.53808702554045, 40.062062987153126, 656.9978967436205, 301.0327251392776, 296.61354814260835, 404.1248153044792, 399.5750940420924, 300.7460878793639, 298.7693539983719, 455.17743260909236, 302.3639923804469, 0, 320, 0, 0, 465.2586801037566, 35.12549274041784, 652.9035072528379, 10.263487407358948, 5.457421029724235, 165.28027768884192, 5.563525284997502, 70.31152059912216, 0.5499589273498026, 5008.065701345052, 8.100375808109783, 0, 88.17239120065453, 4035.70893967136, 44, 7680, 1.1789686403482904, 35.31337729344393, 2600.0334957350983, 1, 384, 0, 4, 0, 4, 2, 384, 0.1397293538063709, 0.052681074087743224, 152343.44066016978, 8.375206202094615, 0, 392, 0, 0
DEMO_QSB_HIST_0023, 2026-02-02 13:30, QS · QS-DEMO-B, operator-81023fd5, 7, QuantStudio 3 and 5 Software 1.0.0, 1930.854161387753, 90.01844451793292, -1.9984694815454118, 1.0009169359137426, 1.0091453637755086, 1.0092545527356567, 0.9943119315367359, 3.7102086629040683, 19.752754973616735, 5.6551968438259665, 5.680645830720335, 3.249003453707491, 3.3221972532575776, 10.518230797689975, 10.080567732645468, 0.5514163070268691, 75.7571197801522, 0.581040260385226, 105.94649349422546, 39.689204136927636, 658.8943408587805, 304.4506603409963, 297.6440349333613, 400.9634811245928, 407.480035504471, 305.23624448446395, 302.04234304965524, 457.29665215581906, 299.4422763038991, 0, 320, 0, 0, 469.88792827563975, 35.16812291323485, 645.3830663902112, 10.302184486668487, 5.3983861531210415, 176.67446701254522, 5.400778170457652, 72.033827460251, 0.5456677238133804, 4954.61174565158, 8.262113518970772, 0, 88.04840623458624, 4012.825193075005, 34, 7680, 1.1875155711343364, 35.78341222717928, 2572.282907596071, 1, 384, 0, 4, 0, 4, 1, 384, 0.13735073256637206, 0.045725428646613, 154720.50564180917, 8.667666869184274, 0, 392, 1, 2
DEMO_QSB_HIST_0024, 2026-02-28 10:30, QS · QS-DEMO-B, operator-96fc0cae, 7, QuantStudio 3 and 5 Software 1.0.0, 1816.129945379315, 89.34110463782918, -2.0012250739926953, 1.0125148129637898, 1.0134975674250115, 1.0050489693020281, 1.0190552368798644, 3.6313530416766957, 19.244250473231144, 5.684369632605719, 5.895870575557882, 3.217028329186831, 3.3566429072602193, 10.580153206415996, 10.18051173991992, 0.5473754062489539, 75.1769320058077, 0.5935920385125406, 107.05581420793709, 40.31138738287403, 664.1595289094925, 298.35893657998565, 300.3200707530993, 400.7511048980353, 399.8695966171854, 305.9408164642187, 300.1575856697385, 442.99332086768186, 305.5479571484142, 1, 320, 0, 0, 471.62065855860766, 36.963140129333055, 633.4433329607878, 10.284013862403768, 5.326876363405517, 170.53980312177282, 5.442623164779018, 71.51397256443309, 0.5587428007077627, 4957.665898747562, 8.198372801337097, 0, 88.79445560882473, 4100.6115233844375, 40, 7680, 1.1748867629145703, 35.578343650786366, 2610.294645134656, 1, 384, 0, 4, 0, 4, 0, 384, 0.13574395154165214, 0.04247460086992146, 149861.6480216654, 8.52911534741046, 0, 392, 0, 3
DEMO_QSB_HIST_0025, 2026-03-14 13:30, QS · QS-DEMO-B, operator-538c64e4, 7, QuantStudio 3 and 5 Software 1.0.0, 1754.828268120646, 89.14391260937651, -1.9766105852205416, 1.0203108814833863, 1.0050495424293624, 1.0175794440877663, 0.9995124757363285, 3.727673308308186, 19.742987592094295, 5.661059856318261, 5.882476463502992, 3.3472517798437624, 3.3769263402233727, 10.455298470528755, 10.197395088724294, 0.54952251993574, 76.04876284841963, 0.5891392996247615, 106.59790529467871, 39.99857517740507, 657.604654793093, 299.9534825770282, 303.1742427059299, 395.321204807916, 401.2053012585055, 297.9046844213004, 304.8007925728356, 448.10284875917404, 299.9729619772789, 2, 320, 0, 0, 478.10926860038705, 36.34940274080957, 639.1759425063041, 10.271441783315392, 5.279722377556942, 192.87571026748483, 5.38206624466704, 71.47104479647066, 0.5433013874511108, 4942.177200373913, 8.151163679259103, 0, 87.78976310543005, 4040.521694936699, 43, 7680, 1.1971338537055998, 35.54992334885418, 2597.4463827640875, 2, 384, 0, 4, 0, 4, 0, 384, 0.13501001381643832, 0.05527401688967515, 153313.9793920816, 8.603216603683306, 0, 392, 0, 2
DEMO_QSB_HIST_0026, 2026-03-18 10:30, QS · QS-DEMO-B, operator-538c64e4, 7, QuantStudio 3 and 5 Software 1.0.0, 1873.345244885066, 89.20323769534352, -1.979851544001362, 0.9801152474883432, 0.9946593084567671, 1.0034320790089488, 0.9823862230388913, 3.726451103905723, 19.270773110380368, 5.614821023742389, 5.861169380404575, 3.2932085277787353, 3.3351280278389654, 10.409806464723044, 10.41685410666496, 0.5538062192219831, 76.67375383354437, 0.5945205275482394, 105.45997128971054, 40.331514801541644, 663.665801032227, 297.0902108826292, 301.99320637424387, 393.8299601700134, 396.32777390988235, 297.6904713907267, 299.3249846290634, 445.990274181468, 306.1722915551651, 1, 320, 0, 0, 461.9419779453494, 34.42161702087947, 647.5263836638466, 10.3161399475741, 5.342220161641798, 164.22098091003403, 5.442549760523054, 70.1187992949965, 0.5503738888423507, 4894.771412762465, 8.093177073902337, 0, 89.27274414273782, 3995.866725797171, 53, 7680, 1.1952934089617886, 35.92907304725631, 2636.1979004376876, 0, 384, 0, 4, 0, 4, 0, 384, 0.1385999015955296, 0.052537783188498485, 153301.26778443312, 8.54544602384914, 2, 392, 0, 4
DEMO_QSB_HIST_0027, 2026-03-25 10:30, QS · QS-DEMO-B, operator-538c64e4, 7, QuantStudio 3 and 5 Software 1.0.0, 1768.8629751779295, 93.08705479752952, -2.029761737352573, 0.9965361836199811, 0.9867953174804582, 1.0098754782684582, 0.9885171681137702, 3.719177267470336, 19.502714222229546, 5.679202177919223, 5.762381844828789, 3.282167928634007, 3.3599331337160985, 10.36644707655895, 10.385346867418225, 0.55083628934853, 74.93580562890718, 0.5834727225192989, 106.39564215638498, 40.03441729627042, 665.3214381517314, 296.7492054681172, 293.2635597588041, 399.85873880005335, 405.1593492465541, 300.18281241783893, 304.2866295839354, 446.731276266726, 304.3787121201905, 0, 320, 0, 0, 472.97654585905593, 33.991259513737496, 633.0469880886919, 10.281299310593562, 5.46162499226084, 175.12618008414788, 5.566225943311216, 70.65246287129399, 0.5468799158580905, 4896.697491939307, 8.21029418349596, 0, 88.39212305809258, 4030.6761651860875, 39, 7680, 1.1899411404933813, 34.9728351668644, 2577.241921374598, 1, 384, 0, 4, 0, 4, 0, 384, 0.144401402955252, 0.07017061288541007, 154848.5445962647, 8.51506863120434, 0, 392, 0, 4
DEMO_QSB_HIST_0028, 2026-04-03 12:30, QS · QS-DEMO-B, operator-96fc0cae, 7, QuantStudio 3 and 5 Software 1.0.0, 1738.4911775964526, 88.63227857374142, -1.9910188542345109, 1.0224440385103841, 1.0095377853186924, 1.0017451543265905, 0.9763587257645374, 3.674615220613542, 19.225184523952038, 5.737586792597483, 5.800294000352075, 3.236070829068114, 3.3210788853206923, 10.657743132648132, 10.410534771521464, 0.5479098841995593, 75.91566530955069, 0.5909818328709318, 105.48328445915567, 39.86922604845694, 653.7787356529611, 300.1578613946554, 301.5980697440921, 400.36508542749453, 402.4574937307931, 298.58843797017835, 295.566901577729, 450.0403842765839, 302.100397424406, 0, 320, 0, 0, 470.3932620353789, 36.13370106801039, 643.8984968421083, 10.29075040661168, 5.359942041347575, 191.10082414868077, 5.457905721254224, 71.56459599055306, 0.5518846816927616, 5007.47156123195, 8.162554485264213, 0, 88.9852716768886, 4030.6992045194747, 44, 7680, 1.1629709627012776, 35.49948681144473, 2589.0092478040674, 2, 384, 0, 4, 0, 4, 0, 384, 0.13709255363831918, 0.056386470571221634, 152961.02039992515, 8.514432514049918, 0, 392, 1, 3
DEMO_QSB_HIST_0029, 2026-04-21 14:30, QS · QS-DEMO-B, operator-81023fd5, 7, QuantStudio 3 and 5 Software 1.0.0, 1748.5137617902722, 87.1781477121039, -2.011124595373925, 0.9935604109029093, 1.0184163210767123, 0.9894930500972396, 1.0118379043762176, 3.716859908248865, 19.304670443774484, 5.785505072485583, 5.785392760518351, 3.324170659427222, 3.344300842223159, 10.37019435416895, 10.120517351775769, 0.5478182087730049, 75.52387536642809, 0.5975542688172454, 104.4847818759365, 40.106621371626744, 651.5479923314667, 296.756017521941, 297.5310932181429, 394.96038595185416, 400.6156271574061, 301.375823310153, 300.6523101418633, 452.57834555408635, 305.90361987558686, 1, 320, 0, 0, 478.5481501071829, 36.42103244932493, 640.9465876242676, 10.335071927193807, 5.3832602792822275, 190.1513017299012, 5.549209631014178, 69.54984782788135, 0.5506088357029103, 4917.635917303873, 8.282137084583978, 0, 88.46433149910771, 4039.602287004701, 41, 7680, 1.1888792927250869, 35.95632817573811, 2592.3485196241886, 2, 384, 0, 4, 0, 4, 1, 384, 0.13561531775102498, 0.054923406887270564, 150868.02131111093, 8.697682179026959, 1, 392, 1, 2
DEMO_QSB_HIST_0030, 2026-05-17 12:30, QS · QS-DEMO-B, operator-96fc0cae, 7, QuantStudio 3 and 5 Software 1.0.0, 1690.0020723509047, 90.25335739247737, -2.0077739939743133, 1.006332193821288, 0.9791972373996718, 0.9934121926815326, 0.9889489138865745, 3.7530814973263724, 19.208060505078965, 5.59833710586708, 5.827421466290757, 3.295171543870513, 3.328693296886562, 10.569993542551964, 10.156760888158393, 0.5492607427421481, 77.23642278376816, 0.5984316165921402, 104.4455947833242, 40.21554494769756, 660.4153001177423, 298.6623698122401, 293.29562721088536, 397.4944256353469, 398.04773712380904, 300.4575331026566, 299.89825648774433, 452.12675084180285, 309.45072208008537, 0, 320, 0, 0, 462.96293981414266, 35.526917751501585, 638.4159643900101, 10.298163229959231, 5.241118194384593, 173.8454144622955, 5.439070145798603, 71.7525612332096, 0.5478257652690997, 4956.131492023259, 8.233403401986383, 0, 88.89618711197477, 4027.3788852879147, 41, 7680, 1.1803255458711979, 35.45453642539715, 2640.747545143983, 1, 384, 0, 4, 0, 4, 0, 384, 0.09928761670542025, 0.039846439217385794, 152180.65766505187, 8.535593795125152, 0, 392, 0, 3
